<dashboard>
   <x>0</x>
   <y>0</y>
   <width>640</width>
   <height>392</height>
   <type>CHART</type>
   <graphicalElement>
      <x>4</x>
      <y>12</y>
      <width>302</width>
      <height>306</height>
      <type>CHART</type>
   </graphicalElement>
   <graphicalElement>
      <x>314</x>
      <y>12</y>
      <width>324</width>
      <height>166</height>
      <type>CHART</type>
   </graphicalElement>
   <graphicalElement>
      <x>314</x>
      <y>191</y>
      <width>324</width>
      <height>198</height>
      <type>CHART</type>
   </graphicalElement>
   <graphicalElement>
      <x>4</x>
      <y>331</y>
      <width>302</width>
      <height>58</height>
      <type>CHART</type>
   </graphicalElement>
   <graphicalElement>
      <x>314</x>
      <y>178</y>
      <width>56</width>
      <height>13</height>
      <type>LABEL</type>
   </graphicalElement>
   <graphicalElement>
      <x>314</x>
      <y>1</y>
      <width>114</width>
      <height>11</height>
      <type>LABEL</type>
   </graphicalElement>
   <graphicalElement>
      <x>4</x>
      <y>1</y>
      <width>83</width>
      <height>11</height>
      <type>LABEL</type>
   </graphicalElement>
   <graphicalElement>
      <x>4</x>
      <y>318</y>
      <width>117</width>
      <height>13</height>
      <type>LABEL</type>
   </graphicalElement>
</dashboard>