<dashboard>
   <x>0</x>
   <y>0</y>
   <width>1440</width>
   <height>900</height>
   <type>CHART</type>
   <graphicalElement>
      <x>0</x>
      <y>0</y>
      <width>234</width>
      <height>900</height>
      <type>TOOLBAR</type>
   </graphicalElement>
   <graphicalElement>
      <x>234</x>
      <y>0</y>
      <width>1206</width>
      <height>114</height>
      <type>CHART</type>
   </graphicalElement>
   <graphicalElement>
      <x>270</x>
      <y>149</y>
      <width>365</width>
      <height>348</height>
      <type>CHART</type>
   </graphicalElement>
   <graphicalElement>
      <x>654</x>
      <y>149</y>
      <width>366</width>
      <height>348</height>
      <type>CHART</type>
   </graphicalElement>
   <graphicalElement>
      <x>1037</x>
      <y>149</y>
      <width>367</width>
      <height>348</height>
      <type>CHART</type>
   </graphicalElement>
   <graphicalElement>
      <x>270</x>
      <y>520</y>
      <width>365</width>
      <height>346</height>
      <type>CHART</type>
   </graphicalElement>
   <graphicalElement>
      <x>654</x>
      <y>520</y>
      <width>750</width>
      <height>346</height>
      <type>CHART</type>
   </graphicalElement>
</dashboard>