<dashboard>
   <x>0</x>
   <y>0</y>
   <width>800</width>
   <height>535</height>
   <type>CHART</type>
   <graphicalElement>
      <x>0</x>
      <y>19</y>
      <width>89</width>
      <height>516</height>
      <type>TOOLBAR</type>
   </graphicalElement>
   <graphicalElement>
      <x>0</x>
      <y>0</y>
      <width>800</width>
      <height>19</height>
      <type>TOOLBAR</type>
   </graphicalElement>
   <graphicalElement>
      <x>100</x>
      <y>28</y>
      <width>76</width>
      <height>21</height>
      <type>LABEL</type>
   </graphicalElement>
   <graphicalElement>
      <x>658</x>
      <y>19</y>
      <width>82</width>
      <height>17</height>
      <type>BUTTON</type>
   </graphicalElement>
   <graphicalElement>
      <x>745</x>
      <y>19</y>
      <width>45</width>
      <height>17</height>
      <type>BUTTON</type>
   </graphicalElement>
   <graphicalElement>
      <x>100</x>
      <y>60</y>
      <width>690</width>
      <height>146</height>
      <type>CHART</type>
   </graphicalElement>
   <graphicalElement>
      <x>100</x>
      <y>217</y>
      <width>337</width>
      <height>95</height>
      <type>CHART</type>
   </graphicalElement>
   <graphicalElement>
      <x>448</x>
      <y>217</y>
      <width>342</width>
      <height>69</height>
      <type>CHART</type>
   </graphicalElement>
   <graphicalElement>
      <x>448</x>
      <y>296</y>
      <width>342</width>
      <height>208</height>
      <type>CHART</type>
   </graphicalElement>
   <graphicalElement>
      <x>100</x>
      <y>324</y>
      <width>337</width>
      <height>173</height>
      <type>CHART</type>
   </graphicalElement>
</dashboard>
