<dashboard>
   <x>0</x>
   <y>0</y>
   <width>1920</width>
   <height>1080</height>
   <type>CHART</type>
   <graphicalElement>
      <x>0</x>
      <y>0</y>
      <width>84</width>
      <height>1080</height>
      <type>TOOLBAR</type>
   </graphicalElement>
   <graphicalElement>
      <x>86</x>
      <y>0</y>
      <width>74</width>
      <height>84</height>
      <type>DECORATION</type>
   </graphicalElement>
   <graphicalElement>
      <x>126</x>
      <y>30</y>
      <width>278</width>
      <height>54</height>
      <type>LABEL</type>
   </graphicalElement>
   <graphicalElement>
      <x>1556</x>
      <y>30</y>
      <width>196</width>
      <height>60</height>
      <type>BUTTON</type>
   </graphicalElement>
   <graphicalElement>
      <x>135</x>
      <y>100</y>
      <width>537</width>
      <height>356</height>
      <type>CHART</type>
   </graphicalElement>
   <graphicalElement>
      <x>135</x>
      <y>461</y>
      <width>355</width>
      <height>533</height>
      <type>CHART</type>
   </graphicalElement>
   <graphicalElement>
      <x>496</x>
      <y>461</y>
      <width>176</width>
      <height>174</height>
      <type>CHART</type>
   </graphicalElement>
   <graphicalElement>
      <x>496</x>
      <y>641</y>
      <width>535</width>
      <height>353</height>
      <type>CHART</type>
   </graphicalElement>
   <graphicalElement>
      <x>672</x>
      <y>279</y>
      <width>179</width>
      <height>356</height>
      <type>CHART</type>
   </graphicalElement>
   <graphicalElement>
      <x>672</x>
      <y>100</y>
      <width>179</width>
      <height>174</height>
      <type>CHART</type>
   </graphicalElement>
   <graphicalElement>
      <x>856</x>
      <y>100</y>
      <width>534</width>
      <height>356</height>
      <type>CHART</type>
   </graphicalElement>
   <graphicalElement>
      <x>856</x>
      <y>461</y>
      <width>354</width>
      <height>174</height>
      <type>CHART</type>
   </graphicalElement>
   <graphicalElement>
      <x>1216</x>
      <y>461</y>
      <width>174</width>
      <height>174</height>
      <type>CHART</type>
   </graphicalElement>
   <graphicalElement>
      <x>1396</x>
      <y>100</y>
      <width>174</width>
      <height>174</height>
      <type>CHART</type>
   </graphicalElement>
   <graphicalElement>
      <x>1575</x>
      <y>100</y>
      <width>177</width>
      <height>174</height>
      <type>CHART</type>
   </graphicalElement>
   <graphicalElement>
      <x>1396</x>
      <y>279</y>
      <width>84</width>
      <height>85</height>
      <type>CHART</type>
   </graphicalElement>
   <graphicalElement>
      <x>1485</x>
      <y>279</y>
      <width>175</width>
      <height>85</height>
      <type>CHART</type>
   </graphicalElement>
   <graphicalElement>
      <x>1665</x>
      <y>279</y>
      <width>87</width>
      <height>85</height>
      <type>CHART</type>
   </graphicalElement>
   <graphicalElement>
      <x>1396</x>
      <y>370</y>
      <width>84</width>
      <height>86</height>
      <type>CHART</type>
   </graphicalElement>
   <graphicalElement>
      <x>1485</x>
      <y>370</y>
      <width>175</width>
      <height>86</height>
      <type>CHART</type>
   </graphicalElement>
   <graphicalElement>
      <x>1665</x>
      <y>370</y>
      <width>87</width>
      <height>86</height>
      <type>CHART</type>
   </graphicalElement>
   <graphicalElement>
      <x>1037</x>
      <y>641</y>
      <width>353</width>
      <height>174</height>
      <type>CHART</type>
   </graphicalElement>
   <graphicalElement>
      <x>1037</x>
      <y>822</y>
      <width>173</width>
      <height>172</height>
      <type>CHART</type>
   </graphicalElement>
   <graphicalElement>
      <x>1216</x>
      <y>822</y>
      <width>174</width>
      <height>172</height>
      <type>CHART</type>
   </graphicalElement>
   <graphicalElement>
      <x>1396</x>
      <y>461</y>
      <width>356</width>
      <height>533</height>
      <type>CHART</type>
   </graphicalElement>
</dashboard>