<dashboard>
   <x>0</x>
   <y>0</y>
   <width>1908</width>
   <height>1148</height>
   <type>CHART</type>
   <graphicalElement>
      <x>0</x>
      <y>30</y>
      <width>52</width>
      <height>1118</height>
      <type>TOOLBAR</type>
   </graphicalElement>
   <graphicalElement>
      <x>0</x>
      <y>0</y>
      <width>1908</width>
      <height>50</height>
      <type>TOOLBAR</type>
   </graphicalElement>
   <graphicalElement>
      <x>366</x>
      <y>64</y>
      <width>34</width>
      <height>34</height>
      <type>BUTTON</type>
   </graphicalElement>
   <graphicalElement>
      <x>78</x>
      <y>64</y>
      <width>180</width>
      <height>34</height>
      <type>LABEL</type>
   </graphicalElement>
   <graphicalElement>
      <x>78</x>
      <y>114</y>
      <width>650</width>
      <height>32</height>
      <type>BUTTON</type>
   </graphicalElement>
   <graphicalElement>
      <x>78</x>
      <y>165</y>
      <width>772</width>
      <height>473</height>
      <type>CHART</type>
   </graphicalElement>
   <graphicalElement>
      <x>78</x>
      <y>645</y>
      <width>255</width>
      <height>151</height>
      <type>CHART</type>
   </graphicalElement>
   <graphicalElement>
      <x>338</x>
      <y>645</y>
      <width>254</width>
      <height>151</height>
      <type>CHART</type>
   </graphicalElement>
   <graphicalElement>
      <x>598</x>
      <y>645</y>
      <width>252</width>
      <height>151</height>
      <type>CHART</type>
   </graphicalElement>
   <graphicalElement>
      <x>858</x>
      <y>165</y>
      <width>512</width>
      <height>311</height>
      <type>CHART</type>
   </graphicalElement>
   <graphicalElement>
      <x>1378</x>
      <y>165</y>
      <width>510</width>
      <height>311</height>
      <type>CHART</type>
   </graphicalElement>
   <graphicalElement>
      <x>858</x>
      <y>486</y>
      <width>512</width>
      <height>310</height>
      <type>CHART</type>
   </graphicalElement>
   <graphicalElement>
      <x>1378</x>
      <y>486</y>
      <width>510</width>
      <height>310</height>
      <type>CHART</type>
   </graphicalElement>
   <graphicalElement>
      <x>78</x>
      <y>806</y>
      <width>514</width>
      <height>312</height>
      <type>CHART</type>
   </graphicalElement>
   <graphicalElement>
      <x>598</x>
      <y>806</y>
      <width>514</width>
      <height>312</height>
      <type>CHART</type>
   </graphicalElement>
   <graphicalElement>
      <x>1118</x>
      <y>806</y>
      <width>510</width>
      <height>312</height>
      <type>CHART</type>
   </graphicalElement>
   <graphicalElement>
      <x>1638</x>
      <y>806</y>
      <width>250</width>
      <height>150</height>
      <type>CHART</type>
   </graphicalElement>
   <graphicalElement>
      <x>1638</x>
      <y>962</y>
      <width>250</width>
      <height>156</height>
      <type>CHART</type>
   </graphicalElement>
</dashboard>