<dashboard>
   <x>0</x>
   <y>0</y>
   <width>1174</width>
   <height>894</height>
   <type>CHART</type>
   <graphicalElement>
      <x>0</x>
      <y>23</y>
      <width>145</width>
      <height>44</height>
      <type>LABEL</type>
   </graphicalElement>
   <graphicalElement>
      <x>145</x>
      <y>33</y>
      <width>351</width>
      <height>31</height>
      <type>LABEL</type>
   </graphicalElement>
   <graphicalElement>
      <x>583</x>
      <y>14</y>
      <width>168</width>
      <height>24</height>
      <type>LABEL</type>
   </graphicalElement>
   <graphicalElement>
      <x>860</x>
      <y>14</y>
      <width>83</width>
      <height>20</height>
      <type>LABEL</type>
   </graphicalElement>
   <graphicalElement>
      <x>949</x>
      <y>13</y>
      <width>201</width>
      <height>28</height>
      <type>BUTTON</type>
   </graphicalElement>
   <graphicalElement>
      <x>0</x>
      <y>89</y>
      <width>398</width>
      <height>354</height>
      <type>CHART</type>
   </graphicalElement>
   <graphicalElement>
      <x>398</x>
      <y>89</y>
      <width>394</width>
      <height>354</height>
      <type>CHART</type>
   </graphicalElement>
   <graphicalElement>
      <x>792</x>
      <y>89</y>
      <width>374</width>
      <height>354</height>
      <type>CHART</type>
   </graphicalElement>
   <graphicalElement>
      <x>0</x>
      <y>443</y>
      <width>583</width>
      <height>376</height>
      <type>CHART</type>
   </graphicalElement>
   <graphicalElement>
      <x>583</x>
      <y>443</y>
      <width>583</width>
      <height>376</height>
      <type>CHART</type>
   </graphicalElement>
   <graphicalElement>
      <x>19</x>
      <y>833</y>
      <width>482</width>
      <height>20</height>
      <type>LABEL</type>
   </graphicalElement>
   <graphicalElement>
      <x>0</x>
      <y>859</y>
      <width>1174</width>
      <height>35</height>
      <type>TOOLBAR</type>
   </graphicalElement>
</dashboard>