<dashboard>
   <x>0</x>
   <y>0</y>
   <width>600</width>
   <height>375</height>
   <type>CHART</type>
   <graphicalElement>
      <x>0</x>
      <y>0</y>
      <width>92</width>
      <height>22</height>
      <type>HEADER</type>
   </graphicalElement>
   <graphicalElement>
      <x>92</x>
      <y>0</y>
      <width>508</width>
      <height>22</height>
      <type>TOOLBAR</type>
   </graphicalElement>
   <graphicalElement>
      <x>0</x>
      <y>22</y>
      <width>92</width>
      <height>353</height>
      <type>TOOLBAR</type>
   </graphicalElement>
   <graphicalElement>
      <x>99</x>
      <y>29</y>
      <width>47</width>
      <height>12</height>
      <type>LABEL</type>
   </graphicalElement>
   <graphicalElement>
      <x>149</x>
      <y>31</y>
      <width>35</width>
      <height>10</height>
      <type>LABEL</type>
   </graphicalElement>
   <graphicalElement>
      <x>538</x>
      <y>29</y>
      <width>56</width>
      <height>12</height>
      <type>LABEL</type>
   </graphicalElement>
   <graphicalElement>
      <x>98</x>
      <y>52</y>
      <width>114</width>
      <height>57</height>
      <type>CHART</type>
   </graphicalElement>
   <graphicalElement>
      <x>225</x>
      <y>52</y>
      <width>114</width>
      <height>57</height>
      <type>CHART</type>
   </graphicalElement>
   <graphicalElement>
      <x>352</x>
      <y>52</y>
      <width>116</width>
      <height>57</height>
      <type>CHART</type>
   </graphicalElement>
   <graphicalElement>
      <x>478</x>
      <y>52</y>
      <width>116</width>
      <height>57</height>
      <type>CHART</type>
   </graphicalElement>
   <graphicalElement>
      <x>98</x>
      <y>114</y>
      <width>241</width>
      <height>181</height>
      <type>CHART</type>
   </graphicalElement>
   <graphicalElement>
      <x>352</x>
      <y>114</y>
      <width>242</width>
      <height>261</height>
      <type>CHART</type>
   </graphicalElement>
   <graphicalElement>
      <x>98</x>
      <y>302</y>
      <width>241</width>
      <height>73</height>
      <type>CHART</type>
   </graphicalElement>
</dashboard>