<dashboard>
   <x>0</x>
   <y>0</y>
   <width>1520</width>
   <height>804</height>
   <type>CHART</type>
   <graphicalElement>
      <x>1</x>
      <y>2</y>
      <width>501</width>
      <height>262</height>
      <type>CHART</type>
   </graphicalElement>
   <graphicalElement>
      <x>510</x>
      <y>0</y>
      <width>498</width>
      <height>264</height>
      <type>CHART</type>
   </graphicalElement>
   <graphicalElement>
      <x>1022</x>
      <y>0</y>
      <width>498</width>
      <height>264</height>
      <type>CHART</type>
   </graphicalElement>
   <graphicalElement>
      <x>1</x>
      <y>273</y>
      <width>501</width>
      <height>261</height>
      <type>CHART</type>
   </graphicalElement>
   <graphicalElement>
      <x>510</x>
      <y>273</y>
      <width>498</width>
      <height>261</height>
      <type>CHART</type>
   </graphicalElement>
   <graphicalElement>
      <x>1022</x>
      <y>273</y>
      <width>498</width>
      <height>261</height>
      <type>CHART</type>
   </graphicalElement>
   <graphicalElement>
      <x>1</x>
      <y>537</y>
      <width>501</width>
      <height>263</height>
      <type>CHART</type>
   </graphicalElement>
   <graphicalElement>
      <x>510</x>
      <y>537</y>
      <width>498</width>
      <height>263</height>
      <type>CHART</type>
   </graphicalElement>
   <graphicalElement>
      <x>1022</x>
      <y>543</y>
      <width>498</width>
      <height>261</height>
      <type>CHART</type>
   </graphicalElement>
</dashboard>