<dashboard>
   <x>0</x>
   <y>0</y>
   <width>1440</width>
   <height>1296</height>
   <type>CHART</type>
   <graphicalElement>
      <x>0</x>
      <y>0</y>
      <width>1440</width>
      <height>72</height>
      <type>HEADER</type>
   </graphicalElement>
   <graphicalElement>
      <x>193</x>
      <y>110</y>
      <width>872</width>
      <height>36</height>
      <type>TOOLBAR</type>
   </graphicalElement>
   <graphicalElement>
      <x>1081</x>
      <y>110</y>
      <width>289</width>
      <height>36</height>
      <type>BUTTON</type>
   </graphicalElement>
   <graphicalElement>
      <x>70</x>
      <y>181</y>
      <width>110</width>
      <height>503</height>
      <type>TOOLBAR</type>
   </graphicalElement>
   <graphicalElement>
      <x>200</x>
      <y>181</y>
      <width>865</width>
      <height>577</height>
      <type>CHART</type>
   </graphicalElement>
   <graphicalElement>
      <x>1081</x>
      <y>181</y>
      <width>289</width>
      <height>272</height>
      <type>CHART</type>
   </graphicalElement>
   <graphicalElement>
      <x>1081</x>
      <y>468</y>
      <width>289</width>
      <height>270</height>
      <type>CHART</type>
   </graphicalElement>
   <graphicalElement>
      <x>200</x>
      <y>774</y>
      <width>865</width>
      <height>287</height>
      <type>CHART</type>
   </graphicalElement>
</dashboard>