<dashboard>
   <x>0</x>
   <y>0</y>
   <width>1119</width>
   <height>569</height>
   <type>CHART</type>
   <graphicalElement>
      <x>4</x>
      <y>0</y>
      <width>267</width>
      <height>22</height>
      <type>LABEL</type>
   </graphicalElement>
   <graphicalElement>
      <x>4</x>
      <y>41</y>
      <width>171</width>
      <height>54</height>
      <type>TOOLBAR</type>
   </graphicalElement>
   <graphicalElement>
      <x>4</x>
      <y>101</y>
      <width>171</width>
      <height>136</height>
      <type>TOOLBAR</type>
   </graphicalElement>
   <graphicalElement>
      <x>4</x>
      <y>242</y>
      <width>171</width>
      <height>107</height>
      <type>TOOLBAR</type>
   </graphicalElement>
   <graphicalElement>
      <x>4</x>
      <y>355</y>
      <width>171</width>
      <height>198</height>
      <type>TOOLBAR</type>
   </graphicalElement>
   <graphicalElement>
      <x>182</x>
      <y>41</y>
      <width>454</width>
      <height>259</height>
      <type>CHART</type>
   </graphicalElement>
   <graphicalElement>
      <x>646</x>
      <y>41</y>
      <width>454</width>
      <height>259</height>
      <type>CHART</type>
   </graphicalElement>
   <graphicalElement>
      <x>646</x>
      <y>306</y>
      <width>454</width>
      <height>247</height>
      <type>CHART</type>
   </graphicalElement>
   <graphicalElement>
      <x>182</x>
      <y>306</y>
      <width>454</width>
      <height>247</height>
      <type>CHART</type>
   </graphicalElement>
</dashboard>