<dashboard>
   <x>0</x>
   <y>0</y>
   <width>736</width>
   <height>520</height>
   <type>CHART</type>
   <graphicalElement>
      <x>0</x>
      <y>21</y>
      <width>106</width>
      <height>499</height>
      <type>TOOLBAR</type>
   </graphicalElement>
   <graphicalElement>
      <x>0</x>
      <y>0</y>
      <width>736</width>
      <height>21</height>
      <type>HEADER</type>
   </graphicalElement>
   <graphicalElement>
      <x>119</x>
      <y>36</y>
      <width>294</width>
      <height>107</height>
      <type>CHART</type>
   </graphicalElement>
   <graphicalElement>
      <x>426</x>
      <y>36</y>
      <width>140</width>
      <height>107</height>
      <type>CHART</type>
   </graphicalElement>
   <graphicalElement>
      <x>580</x>
      <y>36</y>
      <width>141</width>
      <height>107</height>
      <type>CHART</type>
   </graphicalElement>
   <graphicalElement>
      <x>119</x>
      <y>158</y>
      <width>294</width>
      <height>166</height>
      <type>CHART</type>
   </graphicalElement>
   <graphicalElement>
      <x>426</x>
      <y>158</y>
      <width>295</width>
      <height>166</height>
      <type>CHART</type>
   </graphicalElement>
   <graphicalElement>
      <x>530</x>
      <y>338</y>
      <width>191</width>
      <height>166</height>
      <type>CHART</type>
   </graphicalElement>
   <graphicalElement>
      <x>119</x>
      <y>338</y>
      <width>192</width>
      <height>166</height>
      <type>CHART</type>
   </graphicalElement>
   <graphicalElement>
      <x>324</x>
      <y>338</y>
      <width>192</width>
      <height>166</height>
      <type>CHART</type>
   </graphicalElement>
</dashboard>