<dashboard>
   <x>0</x>
   <y>0</y>
   <width>1356</width>
   <height>822</height>
   <type>CHART</type>
   <graphicalElement>
      <x>0</x>
      <y>0</y>
      <width>1356</width>
      <height>40</height>
      <type>TOOLBAR</type>
   </graphicalElement>
   <graphicalElement>
      <x>0</x>
      <y>144</y>
      <width>244</width>
      <height>444</height>
      <type>TOOLBAR</type>
   </graphicalElement>
   <graphicalElement>
      <x>0</x>
      <y>40</y>
      <width>244</width>
      <height>104</height>
      <type>TOOLBAR</type>
   </graphicalElement>
   <graphicalElement>
      <x>274</x>
      <y>74</y>
      <width>36</width>
      <height>38</height>
      <type>BUTTON</type>
   </graphicalElement>
   <graphicalElement>
      <x>328</x>
      <y>74</y>
      <width>270</width>
      <height>38</height>
      <type>LABEL</type>
   </graphicalElement>
   <graphicalElement>
      <x>1184</x>
      <y>64</y>
      <width>148</width>
      <height>48</height>
      <type>BUTTON</type>
   </graphicalElement>
   <graphicalElement>
      <x>274</x>
      <y>168</y>
      <width>244</width>
      <height>394</height>
      <type>CHART</type>
   </graphicalElement>
   <graphicalElement>
      <x>534</x>
      <y>168</y>
      <width>788</width>
      <height>394</height>
      <type>CHART</type>
   </graphicalElement>
   <graphicalElement>
      <x>42</x>
      <y>650</y>
      <width>164</width>
      <height>164</height>
      <type>CHART</type>
   </graphicalElement>
   <graphicalElement>
      <x>244</x>
      <y>588</y>
      <width>1112</width>
      <height>234</height>
      <type>CHART</type>
   </graphicalElement>
</dashboard>
