<dashboard>
   <x>0</x>
   <y>0</y>
   <width>1037</width>
   <height>785</height>
   <type>CHART</type>
   <graphicalElement>
      <x>0</x>
      <y>0</y>
      <width>1037</width>
      <height>84</height>
      <type>TOOLBAR</type>
   </graphicalElement>
   <graphicalElement>
      <x>764</x>
      <y>128</y>
      <width>136</width>
      <height>50</height>
      <type>BUTTON</type>
   </graphicalElement>
   <graphicalElement>
      <x>918</x>
      <y>128</y>
      <width>96</width>
      <height>50</height>
      <type>BUTTON</type>
   </graphicalElement>
   <graphicalElement>
      <x>60</x>
      <y>122</y>
      <width>282</width>
      <height>48</height>
      <type>LABEL</type>
   </graphicalElement>
   <graphicalElement>
      <x>0</x>
      <y>186</y>
      <width>1037</width>
      <height>282</height>
      <type>CHART</type>
   </graphicalElement>
   <graphicalElement>
      <x>0</x>
      <y>474</y>
      <width>1037</width>
      <height>290</height>
      <type>CHART</type>
   </graphicalElement>
</dashboard>