<dashboard>
   <x>0</x>
   <y>0</y>
   <width>1032</width>
   <height>960</height>
   <type>CHART</type>
   <graphicalElement>
      <x>758</x>
      <y>884</y>
      <width>182</width>
      <height>44</height>
      <type>BUTTON</type>
   </graphicalElement>
   <graphicalElement>
      <x>678</x>
      <y>884</y>
      <width>71</width>
      <height>44</height>
      <type>BUTTON</type>
   </graphicalElement>
   <graphicalElement>
      <x>984</x>
      <y>30</y>
      <width>48</width>
      <height>48</height>
      <type>BUTTON</type>
   </graphicalElement>
   <graphicalElement>
      <x>0</x>
      <y>78</y>
      <width>1032</width>
      <height>518</height>
      <type>CHART</type>
   </graphicalElement>
   <graphicalElement>
      <x>0</x>
      <y>658</y>
      <width>1032</width>
      <height>188</height>
      <type>CHART</type>
   </graphicalElement>
   <graphicalElement>
      <x>72</x>
      <y>610</y>
      <width>118</width>
      <height>34</height>
      <type>LABEL</type>
   </graphicalElement>
   <graphicalElement>
      <x>78</x>
      <y>30</y>
      <width>118</width>
      <height>28</height>
      <type>LABEL</type>
   </graphicalElement>
   <graphicalElement>
      <x>118</x>
      <y>884</y>
      <width>86</width>
      <height>44</height>
      <type>CHART</type>
   </graphicalElement>
</dashboard>
