<dashboard>
   <x>0</x>
   <y>0</y>
   <width>768</width>
   <height>610</height>
   <type>CHART</type>
   <graphicalElement>
      <x>6</x>
      <y>54</y>
      <width>357</width>
      <height>191</height>
      <type>CHART</type>
   </graphicalElement>
   <graphicalElement>
      <x>6</x>
      <y>247</y>
      <width>357</width>
      <height>83</height>
      <type>CHART</type>
   </graphicalElement>
   <graphicalElement>
      <x>6</x>
      <y>332</y>
      <width>357</width>
      <height>164</height>
      <type>CHART</type>
   </graphicalElement>
   <graphicalElement>
      <x>6</x>
      <y>498</y>
      <width>357</width>
      <height>105</height>
      <type>CHART</type>
   </graphicalElement>
   <graphicalElement>
      <x>11</x>
      <y>8</y>
      <width>349</width>
      <height>34</height>
      <type>CHART</type>
   </graphicalElement>
   <graphicalElement>
      <x>380</x>
      <y>14</y>
      <width>175</width>
      <height>28</height>
      <type>LABEL</type>
   </graphicalElement>
   <graphicalElement>
      <x>572</x>
      <y>24</y>
      <width>190</width>
      <height>18</height>
      <type>LABEL</type>
   </graphicalElement>
   <graphicalElement>
      <x>707</x>
      <y>4</y>
      <width>55</width>
      <height>17</height>
      <type>BUTTON</type>
   </graphicalElement>
   <graphicalElement>
      <x>377</x>
      <y>54</y>
      <width>387</width>
      <height>119</height>
      <type>CHART</type>
   </graphicalElement>
   <graphicalElement>
      <x>378</x>
      <y>176</y>
      <width>386</width>
      <height>148</height>
      <type>CHART</type>
   </graphicalElement>
   <graphicalElement>
      <x>377</x>
      <y>332</y>
      <width>387</width>
      <height>137</height>
      <type>CHART</type>
   </graphicalElement>
   <graphicalElement>
      <x>377</x>
      <y>472</y>
      <width>387</width>
      <height>126</height>
      <type>CHART</type>
   </graphicalElement>
</dashboard>