<dashboard>
   <x>0</x>
   <y>0</y>
   <width>819</width>
   <height>538</height>
   <type>CHART</type>
   <graphicalElement>
      <x>0</x>
      <y>0</y>
      <width>819</width>
      <height>62</height>
      <type>HEADER</type>
   </graphicalElement>
   <graphicalElement>
      <x>0</x>
      <y>114</y>
      <width>172</width>
      <height>424</height>
      <type>TOOLBAR</type>
   </graphicalElement>
   <graphicalElement>
      <x>0</x>
      <y>62</y>
      <width>819</width>
      <height>52</height>
      <type>TOOLBAR</type>
   </graphicalElement>
   <graphicalElement>
      <x>195</x>
      <y>132</y>
      <width>205</width>
      <height>42</height>
      <type>LABEL</type>
   </graphicalElement>
   <graphicalElement>
      <x>254</x>
      <y>184</y>
      <width>530</width>
      <height>169</height>
      <type>CHART</type>
   </graphicalElement>
   <graphicalElement>
      <x>195</x>
      <y>184</y>
      <width>41</width>
      <height>41</height>
      <type>DECORATION</type>
   </graphicalElement>
</dashboard>