<dashboard>
   <x>0</x>
   <y>0</y>
   <width>1125</width>
   <height>717</height>
   <type>CHART</type>
   <graphicalElement>
      <x>0</x>
      <y>0</y>
      <width>1125</width>
      <height>36</height>
      <type>HEADER</type>
   </graphicalElement>
   <graphicalElement>
      <x>2</x>
      <y>39</y>
      <width>784</width>
      <height>330</height>
      <type>CHART</type>
   </graphicalElement>
   <graphicalElement>
      <x>790</x>
      <y>39</y>
      <width>332</width>
      <height>66</height>
      <type>CHART</type>
   </graphicalElement>
   <graphicalElement>
      <x>790</x>
      <y>111</y>
      <width>332</width>
      <height>66</height>
      <type>CHART</type>
   </graphicalElement>
   <graphicalElement>
      <x>790</x>
      <y>183</y>
      <width>332</width>
      <height>67</height>
      <type>CHART</type>
   </graphicalElement>
   <graphicalElement>
      <x>790</x>
      <y>256</y>
      <width>332</width>
      <height>64</height>
      <type>CHART</type>
   </graphicalElement>
   <graphicalElement>
      <x>790</x>
      <y>327</y>
      <width>332</width>
      <height>154</height>
      <type>CHART</type>
   </graphicalElement>
   <graphicalElement>
      <x>790</x>
      <y>488</y>
      <width>332</width>
      <height>226</height>
      <type>CHART</type>
   </graphicalElement>
   <graphicalElement>
      <x>370</x>
      <y>374</y>
      <width>416</width>
      <height>340</height>
      <type>CHART</type>
   </graphicalElement>
   <graphicalElement>
      <x>2</x>
      <y>374</y>
      <width>360</width>
      <height>340</height>
      <type>CHART</type>
   </graphicalElement>
</dashboard>