<dashboard>
   <x>0</x>
   <y>0</y>
   <width>906</width>
   <height>676</height>
   <type>CHART</type>
   <graphicalElement>
      <x>0</x>
      <y>1</y>
      <width>450</width>
      <height>160</height>
      <type>CHART</type>
   </graphicalElement>
   <graphicalElement>
      <x>456</x>
      <y>1</y>
      <width>450</width>
      <height>160</height>
      <type>CHART</type>
   </graphicalElement>
   <graphicalElement>
      <x>0</x>
      <y>166</y>
      <width>450</width>
      <height>162</height>
      <type>CHART</type>
   </graphicalElement>
   <graphicalElement>
      <x>0</x>
      <y>333</y>
      <width>450</width>
      <height>163</height>
      <type>CHART</type>
   </graphicalElement>
   <graphicalElement>
      <x>0</x>
      <y>502</y>
      <width>450</width>
      <height>163</height>
      <type>CHART</type>
   </graphicalElement>
   <graphicalElement>
      <x>456</x>
      <y>166</y>
      <width>450</width>
      <height>162</height>
      <type>CHART</type>
   </graphicalElement>
   <graphicalElement>
      <x>456</x>
      <y>333</y>
      <width>450</width>
      <height>258</height>
      <type>CHART</type>
   </graphicalElement>
   <graphicalElement>
      <x>456</x>
      <y>596</y>
      <width>450</width>
      <height>80</height>
      <type>CHART</type>
   </graphicalElement>
</dashboard>
