<dashboard>
   <x>0</x>
   <y>0</y>
   <width>1074</width>
   <height>637</height>
   <type>CHART</type>
   <graphicalElement>
      <x>0</x>
      <y>0</y>
      <width>1074</width>
      <height>48</height>
      <type>HEADER</type>
   </graphicalElement>
   <graphicalElement>
      <x>0</x>
      <y>76</y>
      <width>510</width>
      <height>274</height>
      <type>CHART</type>
   </graphicalElement>
   <graphicalElement>
      <x>516</x>
      <y>76</y>
      <width>418</width>
      <height>561</height>
      <type>CHART</type>
   </graphicalElement>
   <graphicalElement>
      <x>0</x>
      <y>357</y>
      <width>510</width>
      <height>280</height>
      <type>CHART</type>
   </graphicalElement>
   <graphicalElement>
      <x>966</x>
      <y>103</y>
      <width>78</width>
      <height>52</height>
      <type>LABEL</type>
   </graphicalElement>
   <graphicalElement>
      <x>940</x>
      <y>171</y>
      <width>134</width>
      <height>67</height>
      <type>BUTTON</type>
   </graphicalElement>
   <graphicalElement>
      <x>973</x>
      <y>331</y>
      <width>63</width>
      <height>46</height>
      <type>LABEL</type>
   </graphicalElement>
   <graphicalElement>
      <x>955</x>
      <y>394</y>
      <width>106</width>
      <height>145</height>
      <type>BUTTON</type>
   </graphicalElement>
</dashboard>