<dashboard>
   <x>0</x>
   <y>0</y>
   <width>1417</width>
   <height>786</height>
   <type>CHART</type>
   <graphicalElement>
      <x>5</x>
      <y>1</y>
      <width>876</width>
      <height>23</height>
      <type>TOOLBAR</type>
   </graphicalElement>
   <graphicalElement>
      <x>0</x>
      <y>24</y>
      <width>1417</width>
      <height>108</height>
      <type>HEADER</type>
   </graphicalElement>
   <graphicalElement>
      <x>18</x>
      <y>149</y>
      <width>218</width>
      <height>613</height>
      <type>CHART</type>
   </graphicalElement>
   <graphicalElement>
      <x>254</x>
      <y>149</y>
      <width>547</width>
      <height>169</height>
      <type>CHART</type>
   </graphicalElement>
   <graphicalElement>
      <x>254</x>
      <y>333</y>
      <width>547</width>
      <height>199</height>
      <type>CHART</type>
   </graphicalElement>
   <graphicalElement>
      <x>254</x>
      <y>532</y>
      <width>547</width>
      <height>217</height>
      <type>CHART</type>
   </graphicalElement>
   <graphicalElement>
      <x>809</x>
      <y>149</y>
      <width>223</width>
      <height>253</height>
      <type>CHART</type>
   </graphicalElement>
   <graphicalElement>
      <x>1041</x>
      <y>149</y>
      <width>356</width>
      <height>253</height>
      <type>CHART</type>
   </graphicalElement>
   <graphicalElement>
      <x>809</x>
      <y>402</y>
      <width>588</width>
      <height>336</height>
      <type>CHART</type>
   </graphicalElement>
   <graphicalElement>
      <x>917</x>
      <y>749</y>
      <width>480</width>
      <height>27</height>
      <type>LABEL</type>
   </graphicalElement>
</dashboard>