<dashboard>
   <x>0</x>
   <y>0</y>
   <width>1050</width>
   <height>790</height>
   <type>CHART</type>
   <graphicalElement>
      <x>0</x>
      <y>0</y>
      <width>1050</width>
      <height>76</height>
      <type>HEADER</type>
   </graphicalElement>
   <graphicalElement>
      <x>18</x>
      <y>93</y>
      <width>498</width>
      <height>328</height>
      <type>CHART</type>
   </graphicalElement>
   <graphicalElement>
      <x>536</x>
      <y>93</y>
      <width>500</width>
      <height>328</height>
      <type>CHART</type>
   </graphicalElement>
   <graphicalElement>
      <x>18</x>
      <y>439</y>
      <width>498</width>
      <height>327</height>
      <type>CHART</type>
   </graphicalElement>
   <graphicalElement>
      <x>536</x>
      <y>439</y>
      <width>500</width>
      <height>327</height>
      <type>CHART</type>
   </graphicalElement>
</dashboard>
