<dashboard>
   <x>0</x>
   <y>0</y>
   <width>1220</width>
   <height>673</height>
   <type>CHART</type>
   <graphicalElement>
      <x>0</x>
      <y>0</y>
      <width>452</width>
      <height>98</height>
      <type>HEADER</type>
   </graphicalElement>
   <graphicalElement>
      <x>452</x>
      <y>0</y>
      <width>768</width>
      <height>98</height>
      <type>TOOLBAR</type>
   </graphicalElement>
   <graphicalElement>
      <x>15</x>
      <y>103</y>
      <width>580</width>
      <height>294</height>
      <type>CHART</type>
   </graphicalElement>
   <graphicalElement>
      <x>15</x>
      <y>412</y>
      <width>580</width>
      <height>248</height>
      <type>CHART</type>
   </graphicalElement>
   <graphicalElement>
      <x>608</x>
      <y>103</y>
      <width>591</width>
      <height>256</height>
      <type>CHART</type>
   </graphicalElement>
   <graphicalElement>
      <x>608</x>
      <y>373</y>
      <width>591</width>
      <height>287</height>
      <type>CHART</type>
   </graphicalElement>
</dashboard>
