<dashboard>
   <x>0</x>
   <y>0</y>
   <width>1043</width>
   <height>634</height>
   <type>CHART</type>
   <graphicalElement>
      <x>5</x>
      <y>9</y>
      <width>1026</width>
      <height>21</height>
      <type>LABEL</type>
   </graphicalElement>
   <graphicalElement>
      <x>0</x>
      <y>377</y>
      <width>1038</width>
      <height>28</height>
      <type>LABEL</type>
   </graphicalElement>
   <graphicalElement>
      <x>22</x>
      <y>39</y>
      <width>334</width>
      <height>229</height>
      <type>CHART</type>
   </graphicalElement>
   <graphicalElement>
      <x>377</x>
      <y>39</y>
      <width>268</width>
      <height>159</height>
      <type>CHART</type>
   </graphicalElement>
   <graphicalElement>
      <x>663</x>
      <y>39</y>
      <width>368</width>
      <height>174</height>
      <type>CHART</type>
   </graphicalElement>
   <graphicalElement>
      <x>691</x>
      <y>222</y>
      <width>142</width>
      <height>20</height>
      <type>BUTTON</type>
   </graphicalElement>
   <graphicalElement>
      <x>30</x>
      <y>277</y>
      <width>732</width>
      <height>94</height>
      <type>CHART</type>
   </graphicalElement>
   <graphicalElement>
      <x>17</x>
      <y>411</y>
      <width>360</width>
      <height>216</height>
      <type>CHART</type>
   </graphicalElement>
   <graphicalElement>
      <x>383</x>
      <y>417</y>
      <width>367</width>
      <height>210</height>
      <type>CHART</type>
   </graphicalElement>
   <graphicalElement>
      <x>762</x>
      <y>417</y>
      <width>269</width>
      <height>195</height>
      <type>CHART</type>
   </graphicalElement>
</dashboard>