<dashboard>
   <x>0</x>
   <y>0</y>
   <width>763</width>
   <height>551</height>
   <type>CHART</type>
   <graphicalElement>
      <x>0</x>
      <y>0</y>
      <width>763</width>
      <height>41</height>
      <type>HEADER</type>
   </graphicalElement>
   <graphicalElement>
      <x>0</x>
      <y>41</y>
      <width>763</width>
      <height>23</height>
      <type>TOOLBAR</type>
   </graphicalElement>
   <graphicalElement>
      <x>0</x>
      <y>64</y>
      <width>763</width>
      <height>17</height>
      <type>LABEL</type>
   </graphicalElement>
   <graphicalElement>
      <x>6</x>
      <y>86</y>
      <width>242</width>
      <height>234</height>
      <type>CHART</type>
   </graphicalElement>
   <graphicalElement>
      <x>254</x>
      <y>86</y>
      <width>241</width>
      <height>234</height>
      <type>CHART</type>
   </graphicalElement>
   <graphicalElement>
      <x>504</x>
      <y>86</y>
      <width>242</width>
      <height>234</height>
      <type>CHART</type>
   </graphicalElement>
   <graphicalElement>
      <x>6</x>
      <y>331</y>
      <width>369</width>
      <height>205</height>
      <type>CHART</type>
   </graphicalElement>
   <graphicalElement>
      <x>384</x>
      <y>331</y>
      <width>367</width>
      <height>205</height>
      <type>CHART</type>
   </graphicalElement>
</dashboard>