<dashboard>
   <x>0</x>
   <y>0</y>
   <width>700</width>
   <height>518</height>
   <type>CHART</type>
   <graphicalElement>
      <x>0</x>
      <y>19</y>
      <width>272</width>
      <height>130</height>
      <type>CHART</type>
   </graphicalElement>
   <graphicalElement>
      <x>278</x>
      <y>19</y>
      <width>142</width>
      <height>130</height>
      <type>CHART</type>
   </graphicalElement>
   <graphicalElement>
      <x>0</x>
      <y>180</y>
      <width>289</width>
      <height>48</height>
      <type>CHART</type>
   </graphicalElement>
   <graphicalElement>
      <x>294</x>
      <y>159</y>
      <width>126</width>
      <height>50</height>
      <type>CHART</type>
   </graphicalElement>
   <graphicalElement>
      <x>47</x>
      <y>239</y>
      <width>225</width>
      <height>72</height>
      <type>CHART</type>
   </graphicalElement>
   <graphicalElement>
      <x>278</x>
      <y>239</y>
      <width>142</width>
      <height>72</height>
      <type>CHART</type>
   </graphicalElement>
   <graphicalElement>
      <x>0</x>
      <y>0</y>
      <width>160</width>
      <height>19</height>
      <type>LABEL</type>
   </graphicalElement>
   <graphicalElement>
      <x>0</x>
      <y>317</y>
      <width>211</width>
      <height>173</height>
      <type>CHART</type>
   </graphicalElement>
   <graphicalElement>
      <x>215</x>
      <y>317</y>
      <width>205</width>
      <height>173</height>
      <type>CHART</type>
   </graphicalElement>
   <graphicalElement>
      <x>424</x>
      <y>19</y>
      <width>136</width>
      <height>471</height>
      <type>CHART</type>
   </graphicalElement>
   <graphicalElement>
      <x>565</x>
      <y>19</y>
      <width>135</width>
      <height>471</height>
      <type>CHART</type>
   </graphicalElement>
   <graphicalElement>
      <x>424</x>
      <y>0</y>
      <width>184</width>
      <height>19</height>
      <type>LABEL</type>
   </graphicalElement>
   <graphicalElement>
      <x>0</x>
      <y>493</y>
      <width>211</width>
      <height>25</height>
      <type>LABEL</type>
   </graphicalElement>
   <graphicalElement>
      <x>230</x>
      <y>501</y>
      <width>81</width>
      <height>17</height>
      <type>BUTTON</type>
   </graphicalElement>
   <graphicalElement>
      <x>316</x>
      <y>500</y>
      <width>78</width>
      <height>18</height>
      <type>BUTTON</type>
   </graphicalElement>
   <graphicalElement>
      <x>398</x>
      <y>500</y>
      <width>45</width>
      <height>18</height>
      <type>BUTTON</type>
   </graphicalElement>
   <graphicalElement>
      <x>447</x>
      <y>506</y>
      <width>247</width>
      <height>12</height>
      <type>LABEL</type>
   </graphicalElement>
   <graphicalElement>
      <x>0</x>
      <y>163</y>
      <width>93</width>
      <height>17</height>
      <type>LABEL</type>
   </graphicalElement>
   <graphicalElement>
      <x>0</x>
      <y>235</y>
      <width>52</width>
      <height>16</height>
      <type>LABEL</type>
   </graphicalElement>
</dashboard>