<dashboard>
   <x>0</x>
   <y>0</y>
   <width>956</width>
   <height>1234</height>
   <type>CHART</type>
   <graphicalElement>
      <x>0</x>
      <y>0</y>
      <width>956</width>
      <height>42</height>
      <type>HEADER</type>
   </graphicalElement>
   <graphicalElement>
      <x>0</x>
      <y>42</y>
      <width>229</width>
      <height>1192</height>
      <type>TOOLBAR</type>
   </graphicalElement>
   <graphicalElement>
      <x>245</x>
      <y>55</y>
      <width>81</width>
      <height>22</height>
      <type>BUTTON</type>
   </graphicalElement>
   <graphicalElement>
      <x>335</x>
      <y>55</y>
      <width>375</width>
      <height>22</height>
      <type>BUTTON</type>
   </graphicalElement>
   <graphicalElement>
      <x>890</x>
      <y>55</y>
      <width>22</width>
      <height>22</height>
      <type>BUTTON</type>
   </graphicalElement>
   <graphicalElement>
      <x>920</x>
      <y>55</y>
      <width>21</width>
      <height>22</height>
      <type>BUTTON</type>
   </graphicalElement>
   <graphicalElement>
      <x>229</x>
      <y>131</y>
      <width>727</width>
      <height>155</height>
      <type>CHART</type>
   </graphicalElement>
   <graphicalElement>
      <x>229</x>
      <y>286</y>
      <width>727</width>
      <height>271</height>
      <type>CHART</type>
   </graphicalElement>
   <graphicalElement>
      <x>229</x>
      <y>590</y>
      <width>359</width>
      <height>191</height>
      <type>CHART</type>
   </graphicalElement>
   <graphicalElement>
      <x>229</x>
      <y>815</y>
      <width>359</width>
      <height>165</height>
      <type>CHART</type>
   </graphicalElement>
   <graphicalElement>
      <x>229</x>
      <y>1012</y>
      <width>197</width>
      <height>187</height>
      <type>CHART</type>
   </graphicalElement>
   <graphicalElement>
      <x>245</x>
      <y>93</y>
      <width>400</width>
      <height>38</height>
      <type>LABEL</type>
   </graphicalElement>
   <graphicalElement>
      <x>867</x>
      <y>103</y>
      <width>17</width>
      <height>22</height>
      <type>BUTTON</type>
   </graphicalElement>
   <graphicalElement>
      <x>890</x>
      <y>103</y>
      <width>22</width>
      <height>22</height>
      <type>BUTTON</type>
   </graphicalElement>
   <graphicalElement>
      <x>920</x>
      <y>103</y>
      <width>21</width>
      <height>22</height>
      <type>BUTTON</type>
   </graphicalElement>
   <graphicalElement>
      <x>238</x>
      <y>557</y>
      <width>118</width>
      <height>33</height>
      <type>LABEL</type>
   </graphicalElement>
   <graphicalElement>
      <x>588</x>
      <y>815</y>
      <width>368</width>
      <height>165</height>
      <type>CHART</type>
   </graphicalElement>
   <graphicalElement>
      <x>238</x>
      <y>781</y>
      <width>72</width>
      <height>34</height>
      <type>LABEL</type>
   </graphicalElement>
   <graphicalElement>
      <x>238</x>
      <y>980</y>
      <width>88</width>
      <height>32</height>
      <type>LABEL</type>
   </graphicalElement>
   <graphicalElement>
      <x>426</x>
      <y>1012</y>
      <width>230</width>
      <height>187</height>
      <type>CHART</type>
   </graphicalElement>
   <graphicalElement>
      <x>656</x>
      <y>1012</y>
      <width>300</width>
      <height>187</height>
      <type>CHART</type>
   </graphicalElement>
   <graphicalElement>
      <x>575</x>
      <y>590</y>
      <width>381</width>
      <height>191</height>
      <type>CHART</type>
   </graphicalElement>
</dashboard>