<dashboard>
   <x>0</x>
   <y>0</y>
   <width>1320</width>
   <height>726</height>
   <type>CHART</type>
   <graphicalElement>
      <x>0</x>
      <y>0</y>
      <width>1320</width>
      <height>37</height>
      <type>TOOLBAR</type>
   </graphicalElement>
   <graphicalElement>
      <x>23</x>
      <y>42</y>
      <width>53</width>
      <height>17</height>
      <type>LABEL</type>
   </graphicalElement>
   <graphicalElement>
      <x>549</x>
      <y>42</y>
      <width>57</width>
      <height>17</height>
      <type>LABEL</type>
   </graphicalElement>
   <graphicalElement>
      <x>900</x>
      <y>42</y>
      <width>30</width>
      <height>17</height>
      <type>LABEL</type>
   </graphicalElement>
   <graphicalElement>
      <x>23</x>
      <y>64</y>
      <width>163</width>
      <height>63</height>
      <type>BUTTON</type>
   </graphicalElement>
   <graphicalElement>
      <x>198</x>
      <y>64</y>
      <width>161</width>
      <height>63</height>
      <type>BUTTON</type>
   </graphicalElement>
   <graphicalElement>
      <x>375</x>
      <y>64</y>
      <width>162</width>
      <height>63</height>
      <type>BUTTON</type>
   </graphicalElement>
   <graphicalElement>
      <x>549</x>
      <y>64</y>
      <width>163</width>
      <height>63</height>
      <type>BUTTON</type>
   </graphicalElement>
   <graphicalElement>
      <x>725</x>
      <y>64</y>
      <width>161</width>
      <height>63</height>
      <type>BUTTON</type>
   </graphicalElement>
   <graphicalElement>
      <x>900</x>
      <y>64</y>
      <width>162</width>
      <height>63</height>
      <type>BUTTON</type>
   </graphicalElement>
   <graphicalElement>
      <x>1075</x>
      <y>64</y>
      <width>162</width>
      <height>63</height>
      <type>BUTTON</type>
   </graphicalElement>
   <graphicalElement>
      <x>1252</x>
      <y>64</y>
      <width>48</width>
      <height>63</height>
      <type>BUTTON</type>
   </graphicalElement>
   <graphicalElement>
      <x>1305</x>
      <y>85</y>
      <width>11</width>
      <height>10</height>
      <type>BUTTON</type>
   </graphicalElement>
   <graphicalElement>
      <x>29</x>
      <y>145</y>
      <width>399</width>
      <height>581</height>
      <type>CHART</type>
   </graphicalElement>
   <graphicalElement>
      <x>450</x>
      <y>145</y>
      <width>402</width>
      <height>296</height>
      <type>CHART</type>
   </graphicalElement>
   <graphicalElement>
      <x>874</x>
      <y>145</y>
      <width>400</width>
      <height>296</height>
      <type>CHART</type>
   </graphicalElement>
   <graphicalElement>
      <x>450</x>
      <y>458</y>
      <width>824</width>
      <height>268</height>
      <type>CHART</type>
   </graphicalElement>
   <graphicalElement>
      <x>1300</x>
      <y>145</y>
      <width>20</width>
      <height>581</height>
      <type>BUTTON</type>
   </graphicalElement>
</dashboard>