<dashboard>
   <x>0</x>
   <y>0</y>
   <width>736</width>
   <height>1112</height>
   <type>CHART</type>
   <graphicalElement>
      <x>28</x>
      <y>0</y>
      <width>680</width>
      <height>19</height>
      <type>HEADER</type>
   </graphicalElement>
   <graphicalElement>
      <x>28</x>
      <y>19</y>
      <width>680</width>
      <height>73</height>
      <type>TOOLBAR</type>
   </graphicalElement>
   <graphicalElement>
      <x>28</x>
      <y>115</y>
      <width>221</width>
      <height>220</height>
      <type>CHART</type>
   </graphicalElement>
   <graphicalElement>
      <x>258</x>
      <y>115</y>
      <width>222</width>
      <height>220</height>
      <type>CHART</type>
   </graphicalElement>
   <graphicalElement>
      <x>487</x>
      <y>115</y>
      <width>221</width>
      <height>220</height>
      <type>CHART</type>
   </graphicalElement>
   <graphicalElement>
      <x>28</x>
      <y>345</y>
      <width>221</width>
      <height>221</height>
      <type>CHART</type>
   </graphicalElement>
   <graphicalElement>
      <x>258</x>
      <y>345</y>
      <width>222</width>
      <height>221</height>
      <type>CHART</type>
   </graphicalElement>
   <graphicalElement>
      <x>487</x>
      <y>345</y>
      <width>221</width>
      <height>221</height>
      <type>CHART</type>
   </graphicalElement>
   <graphicalElement>
      <x>28</x>
      <y>575</y>
      <width>221</width>
      <height>223</height>
      <type>CHART</type>
   </graphicalElement>
   <graphicalElement>
      <x>258</x>
      <y>575</y>
      <width>222</width>
      <height>223</height>
      <type>CHART</type>
   </graphicalElement>
   <graphicalElement>
      <x>487</x>
      <y>575</y>
      <width>221</width>
      <height>223</height>
      <type>CHART</type>
   </graphicalElement>
   <graphicalElement>
      <x>28</x>
      <y>818</y>
      <width>680</width>
      <height>255</height>
      <type>CHART</type>
   </graphicalElement>
</dashboard>