<dashboard>
   <x>0</x>
   <y>0</y>
   <width>1280</width>
   <height>800</height>
   <type>CHART</type>
   <graphicalElement>
      <x>0</x>
      <y>53</y>
      <width>72</width>
      <height>747</height>
      <type>TOOLBAR</type>
   </graphicalElement>
   <graphicalElement>
      <x>72</x>
      <y>0</y>
      <width>1208</width>
      <height>53</height>
      <type>TOOLBAR</type>
   </graphicalElement>
   <graphicalElement>
      <x>0</x>
      <y>0</y>
      <width>72</width>
      <height>53</height>
      <type>HEADER</type>
   </graphicalElement>
   <graphicalElement>
      <x>97</x>
      <y>68</y>
      <width>352</width>
      <height>224</height>
      <type>CHART</type>
   </graphicalElement>
   <graphicalElement>
      <x>466</x>
      <y>68</y>
      <width>421</width>
      <height>224</height>
      <type>CHART</type>
   </graphicalElement>
   <graphicalElement>
      <x>97</x>
      <y>310</y>
      <width>352</width>
      <height>222</height>
      <type>CHART</type>
   </graphicalElement>
   <graphicalElement>
      <x>97</x>
      <y>550</y>
      <width>571</width>
      <height>222</height>
      <type>CHART</type>
   </graphicalElement>
   <graphicalElement>
      <x>466</x>
      <y>310</y>
      <width>421</width>
      <height>222</height>
      <type>CHART</type>
   </graphicalElement>
   <graphicalElement>
      <x>908</x>
      <y>68</y>
      <width>349</width>
      <height>464</height>
      <type>CHART</type>
   </graphicalElement>
   <graphicalElement>
      <x>688</x>
      <y>550</y>
      <width>569</width>
      <height>222</height>
      <type>CHART</type>
   </graphicalElement>
</dashboard>