<dashboard>
   <x>0</x>
   <y>0</y>
   <width>1266</width>
   <height>685</height>
   <type>CHART</type>
   <graphicalElement>
      <x>0</x>
      <y>0</y>
      <width>139</width>
      <height>685</height>
      <type>TOOLBAR</type>
   </graphicalElement>
   <graphicalElement>
      <x>709</x>
      <y>9</y>
      <width>527</width>
      <height>23</height>
      <type>TOOLBAR</type>
   </graphicalElement>
   <graphicalElement>
      <x>162</x>
      <y>51</y>
      <width>1104</width>
      <height>68</height>
      <type>CHART</type>
   </graphicalElement>
   <graphicalElement>
      <x>192</x>
      <y>140</y>
      <width>232</width>
      <height>86</height>
      <type>CHART</type>
   </graphicalElement>
   <graphicalElement>
      <x>468</x>
      <y>140</y>
      <width>204</width>
      <height>84</height>
      <type>CHART</type>
   </graphicalElement>
   <graphicalElement>
      <x>696</x>
      <y>140</y>
      <width>164</width>
      <height>86</height>
      <type>CHART</type>
   </graphicalElement>
   <graphicalElement>
      <x>882</x>
      <y>146</y>
      <width>147</width>
      <height>78</height>
      <type>CHART</type>
   </graphicalElement>
   <graphicalElement>
      <x>1088</x>
      <y>146</y>
      <width>137</width>
      <height>78</height>
      <type>CHART</type>
   </graphicalElement>
   <graphicalElement>
      <x>176</x>
      <y>262</y>
      <width>496</width>
      <height>276</height>
      <type>CHART</type>
   </graphicalElement>
   <graphicalElement>
      <x>701</x>
      <y>262</y>
      <width>524</width>
      <height>276</height>
      <type>CHART</type>
   </graphicalElement>
   <graphicalElement>
      <x>192</x>
      <y>558</y>
      <width>1026</width>
      <height>127</height>
      <type>CHART</type>
   </graphicalElement>
</dashboard>