<dashboard>
   <x>0</x>
   <y>0</y>
   <width>1408</width>
   <height>769</height>
   <type>CHART</type>
   <graphicalElement>
      <x>17</x>
      <y>8</y>
      <width>1378</width>
      <height>58</height>
      <type>HEADER</type>
   </graphicalElement>
   <graphicalElement>
      <x>17</x>
      <y>78</y>
      <width>183</width>
      <height>319</height>
      <type>TOOLBAR</type>
   </graphicalElement>
   <graphicalElement>
      <x>22</x>
      <y>430</y>
      <width>178</width>
      <height>232</height>
      <type>CHART</type>
   </graphicalElement>
   <graphicalElement>
      <x>22</x>
      <y>673</y>
      <width>164</width>
      <height>27</height>
      <type>BUTTON</type>
   </graphicalElement>
   <graphicalElement>
      <x>218</x>
      <y>78</y>
      <width>1172</width>
      <height>50</height>
      <type>TOOLBAR</type>
   </graphicalElement>
   <graphicalElement>
      <x>218</x>
      <y>193</y>
      <width>1167</width>
      <height>387</height>
      <type>CHART</type>
   </graphicalElement>
   <graphicalElement>
      <x>223</x>
      <y>165</y>
      <width>78</width>
      <height>16</height>
      <type>LABEL</type>
   </graphicalElement>
   <graphicalElement>
      <x>315</x>
      <y>165</y>
      <width>159</width>
      <height>23</height>
      <type>BUTTON</type>
   </graphicalElement>
   <graphicalElement>
      <x>482</x>
      <y>165</y>
      <width>64</width>
      <height>23</height>
      <type>BUTTON</type>
   </graphicalElement>
   <graphicalElement>
      <x>555</x>
      <y>165</y>
      <width>55</width>
      <height>24</height>
      <type>BUTTON</type>
   </graphicalElement>
   <graphicalElement>
      <x>218</x>
      <y>135</y>
      <width>382</width>
      <height>22</height>
      <type>TOOLBAR</type>
   </graphicalElement>
</dashboard>