<dashboard>
   <x>0</x>
   <y>0</y>
   <width>1235</width>
   <height>684</height>
   <type>CHART</type>
   <graphicalElement>
      <x>0</x>
      <y>5</y>
      <width>1235</width>
      <height>48</height>
      <type>HEADER</type>
   </graphicalElement>
   <graphicalElement>
      <x>832</x>
      <y>61</y>
      <width>403</width>
      <height>328</height>
      <type>CHART</type>
   </graphicalElement>
   <graphicalElement>
      <x>832</x>
      <y>394</y>
      <width>403</width>
      <height>290</height>
      <type>CHART</type>
   </graphicalElement>
   <graphicalElement>
      <x>421</x>
      <y>394</y>
      <width>400</width>
      <height>290</height>
      <type>CHART</type>
   </graphicalElement>
   <graphicalElement>
      <x>6</x>
      <y>394</y>
      <width>403</width>
      <height>290</height>
      <type>CHART</type>
   </graphicalElement>
   <graphicalElement>
      <x>6</x>
      <y>61</y>
      <width>815</width>
      <height>328</height>
      <type>CHART</type>
   </graphicalElement>
</dashboard>