<dashboard>
   <x>0</x>
   <y>0</y>
   <width>870</width>
   <height>458</height>
   <type>CHART</type>
   <graphicalElement>
      <x>7</x>
      <y>54</y>
      <width>177</width>
      <height>395</height>
      <type>CHART</type>
   </graphicalElement>
   <graphicalElement>
      <x>7</x>
      <y>5</y>
      <width>860</width>
      <height>31</height>
      <type>HEADER</type>
   </graphicalElement>
   <graphicalElement>
      <x>192</x>
      <y>54</y>
      <width>481</width>
      <height>165</height>
      <type>CHART</type>
   </graphicalElement>
   <graphicalElement>
      <x>679</x>
      <y>54</y>
      <width>178</width>
      <height>395</height>
      <type>CHART</type>
   </graphicalElement>
   <graphicalElement>
      <x>192</x>
      <y>226</y>
      <width>481</width>
      <height>223</height>
      <type>CHART</type>
   </graphicalElement>
</dashboard>