<dashboard>
   <x>0</x>
   <y>0</y>
   <width>1400</width>
   <height>975</height>
   <type>CHART</type>
   <graphicalElement>
      <x>0</x>
      <y>14</y>
      <width>1382</width>
      <height>74</height>
      <type>TOOLBAR</type>
   </graphicalElement>
   <graphicalElement>
      <x>97</x>
      <y>88</y>
      <width>286</width>
      <height>58</height>
      <type>BUTTON</type>
   </graphicalElement>
   <graphicalElement>
      <x>389</x>
      <y>88</y>
      <width>285</width>
      <height>58</height>
      <type>BUTTON</type>
   </graphicalElement>
   <graphicalElement>
      <x>679</x>
      <y>88</y>
      <width>287</width>
      <height>58</height>
      <type>BUTTON</type>
   </graphicalElement>
   <graphicalElement>
      <x>1093</x>
      <y>88</y>
      <width>65</width>
      <height>58</height>
      <type>BUTTON</type>
   </graphicalElement>
   <graphicalElement>
      <x>1166</x>
      <y>88</y>
      <width>64</width>
      <height>58</height>
      <type>BUTTON</type>
   </graphicalElement>
   <graphicalElement>
      <x>1236</x>
      <y>88</y>
      <width>66</width>
      <height>58</height>
      <type>BUTTON</type>
   </graphicalElement>
   <graphicalElement>
      <x>92</x>
      <y>192</y>
      <width>291</width>
      <height>366</height>
      <type>CHART</type>
   </graphicalElement>
   <graphicalElement>
      <x>402</x>
      <y>192</y>
      <width>288</width>
      <height>366</height>
      <type>CHART</type>
   </graphicalElement>
   <graphicalElement>
      <x>710</x>
      <y>192</y>
      <width>288</width>
      <height>366</height>
      <type>CHART</type>
   </graphicalElement>
   <graphicalElement>
      <x>1016</x>
      <y>192</y>
      <width>286</width>
      <height>366</height>
      <type>CHART</type>
   </graphicalElement>
   <graphicalElement>
      <x>97</x>
      <y>576</y>
      <width>593</width>
      <height>372</height>
      <type>CHART</type>
   </graphicalElement>
   <graphicalElement>
      <x>710</x>
      <y>576</y>
      <width>288</width>
      <height>372</height>
      <type>CHART</type>
   </graphicalElement>
   <graphicalElement>
      <x>1016</x>
      <y>576</y>
      <width>286</width>
      <height>372</height>
      <type>CHART</type>
   </graphicalElement>
</dashboard>