<dashboard>
   <x>0</x>
   <y>0</y>
   <width>960</width>
   <height>763</height>
   <type>CHART</type>
   <graphicalElement>
      <x>3</x>
      <y>4</y>
      <width>207</width>
      <height>73</height>
      <type>CHART</type>
   </graphicalElement>
   <graphicalElement>
      <x>318</x>
      <y>4</y>
      <width>338</width>
      <height>34</height>
      <type>LABEL</type>
   </graphicalElement>
   <graphicalElement>
      <x>760</x>
      <y>4</y>
      <width>195</width>
      <height>73</height>
      <type>CHART</type>
   </graphicalElement>
   <graphicalElement>
      <x>3</x>
      <y>103</y>
      <width>291</width>
      <height>175</height>
      <type>CHART</type>
   </graphicalElement>
   <graphicalElement>
      <x>342</x>
      <y>105</y>
      <width>287</width>
      <height>173</height>
      <type>CHART</type>
   </graphicalElement>
   <graphicalElement>
      <x>662</x>
      <y>105</y>
      <width>293</width>
      <height>173</height>
      <type>CHART</type>
   </graphicalElement>
   <graphicalElement>
      <x>3</x>
      <y>307</y>
      <width>528</width>
      <height>216</height>
      <type>CHART</type>
   </graphicalElement>
   <graphicalElement>
      <x>3</x>
      <y>529</y>
      <width>519</width>
      <height>232</height>
      <type>CHART</type>
   </graphicalElement>
   <graphicalElement>
      <x>554</x>
      <y>307</y>
      <width>401</width>
      <height>216</height>
      <type>CHART</type>
   </graphicalElement>
   <graphicalElement>
      <x>554</x>
      <y>529</y>
      <width>401</width>
      <height>223</height>
      <type>CHART</type>
   </graphicalElement>
   <graphicalElement>
      <x>375</x>
      <y>38</y>
      <width>218</width>
      <height>14</height>
      <type>LABEL</type>
   </graphicalElement>
   <graphicalElement>
      <x>456</x>
      <y>56</y>
      <width>62</width>
      <height>16</height>
      <type>BUTTON</type>
   </graphicalElement>
   <graphicalElement>
      <x>3</x>
      <y>83</y>
      <width>66</width>
      <height>20</height>
      <type>LABEL</type>
   </graphicalElement>
   <graphicalElement>
      <x>3</x>
      <y>286</y>
      <width>75</width>
      <height>21</height>
      <type>LABEL</type>
   </graphicalElement>
</dashboard>