<dashboard>
   <x>0</x>
   <y>0</y>
   <width>807</width>
   <height>1080</height>
   <type>CHART</type>
   <graphicalElement>
      <x>15</x>
      <y>6</y>
      <width>777</width>
      <height>44</height>
      <type>HEADER</type>
   </graphicalElement>
   <graphicalElement>
      <x>19</x>
      <y>66</y>
      <width>45</width>
      <height>390</height>
      <type>TOOLBAR</type>
   </graphicalElement>
   <graphicalElement>
      <x>80</x>
      <y>66</y>
      <width>346</width>
      <height>49</height>
      <type>TOOLBAR</type>
   </graphicalElement>
   <graphicalElement>
      <x>440</x>
      <y>66</y>
      <width>150</width>
      <height>202</height>
      <type>TOOLBAR</type>
   </graphicalElement>
   <graphicalElement>
      <x>130</x>
      <y>126</y>
      <width>254</width>
      <height>211</height>
      <type>CHART</type>
   </graphicalElement>
   <graphicalElement>
      <x>80</x>
      <y>350</y>
      <width>346</width>
      <height>106</height>
      <type>CHART</type>
   </graphicalElement>
   <graphicalElement>
      <x>447</x>
      <y>301</y>
      <width>138</width>
      <height>105</height>
      <type>CHART</type>
   </graphicalElement>
   <graphicalElement>
      <x>604</x>
      <y>66</y>
      <width>184</width>
      <height>160</height>
      <type>CHART</type>
   </graphicalElement>
   <graphicalElement>
      <x>604</x>
      <y>241</y>
      <width>184</width>
      <height>159</height>
      <type>CHART</type>
   </graphicalElement>
   <graphicalElement>
      <x>478</x>
      <y>439</y>
      <width>310</width>
      <height>207</height>
      <type>CHART</type>
   </graphicalElement>
   <graphicalElement>
      <x>509</x>
      <y>680</y>
      <width>244</width>
      <height>171</height>
      <type>CHART</type>
   </graphicalElement>
   <graphicalElement>
      <x>471</x>
      <y>880</y>
      <width>317</width>
      <height>178</height>
      <type>CHART</type>
   </graphicalElement>
   <graphicalElement>
      <x>15</x>
      <y>474</y>
      <width>75</width>
      <height>36</height>
      <type>CHART</type>
   </graphicalElement>
   <graphicalElement>
      <x>294</x>
      <y>480</y>
      <width>153</width>
      <height>25</height>
      <type>TOOLBAR</type>
   </graphicalElement>
   <graphicalElement>
      <x>15</x>
      <y>516</y>
      <width>438</width>
      <height>206</height>
      <type>CHART</type>
   </graphicalElement>
   <graphicalElement>
      <x>25</x>
      <y>755</y>
      <width>422</width>
      <height>137</height>
      <type>CHART</type>
   </graphicalElement>
   <graphicalElement>
      <x>25</x>
      <y>919</y>
      <width>422</width>
      <height>139</height>
      <type>CHART</type>
   </graphicalElement>
</dashboard>