<dashboard>
   <x>0</x>
   <y>0</y>
   <width>618</width>
   <height>307</height>
   <type>CHART</type>
   <graphicalElement>
      <x>5</x>
      <y>5</y>
      <width>95</width>
      <height>62</height>
      <type>CHART</type>
   </graphicalElement>
   <graphicalElement>
      <x>105</x>
      <y>5</y>
      <width>93</width>
      <height>62</height>
      <type>CHART</type>
   </graphicalElement>
   <graphicalElement>
      <x>203</x>
      <y>5</y>
      <width>97</width>
      <height>62</height>
      <type>CHART</type>
   </graphicalElement>
   <graphicalElement>
      <x>305</x>
      <y>5</y>
      <width>96</width>
      <height>62</height>
      <type>CHART</type>
   </graphicalElement>
   <graphicalElement>
      <x>406</x>
      <y>5</y>
      <width>101</width>
      <height>63</height>
      <type>CHART</type>
   </graphicalElement>
   <graphicalElement>
      <x>512</x>
      <y>5</y>
      <width>90</width>
      <height>62</height>
      <type>CHART</type>
   </graphicalElement>
   <graphicalElement>
      <x>5</x>
      <y>73</y>
      <width>193</width>
      <height>106</height>
      <type>CHART</type>
   </graphicalElement>
   <graphicalElement>
      <x>203</x>
      <y>73</y>
      <width>198</width>
      <height>106</height>
      <type>CHART</type>
   </graphicalElement>
   <graphicalElement>
      <x>5</x>
      <y>184</y>
      <width>193</width>
      <height>105</height>
      <type>CHART</type>
   </graphicalElement>
   <graphicalElement>
      <x>203</x>
      <y>184</y>
      <width>198</width>
      <height>105</height>
      <type>CHART</type>
   </graphicalElement>
   <graphicalElement>
      <x>405</x>
      <y>73</y>
      <width>197</width>
      <height>106</height>
      <type>CHART</type>
   </graphicalElement>
   <graphicalElement>
      <x>405</x>
      <y>184</y>
      <width>197</width>
      <height>105</height>
      <type>CHART</type>
   </graphicalElement>
</dashboard>