<dashboard>
   <x>0</x>
   <y>0</y>
   <width>1280</width>
   <height>1212</height>
   <type>CHART</type>
   <graphicalElement>
      <x>0</x>
      <y>0</y>
      <width>1280</width>
      <height>56</height>
      <type>HEADER</type>
   </graphicalElement>
   <graphicalElement>
      <x>0</x>
      <y>56</y>
      <width>233</width>
      <height>56</height>
      <type>LABEL</type>
   </graphicalElement>
   <graphicalElement>
      <x>0</x>
      <y>112</y>
      <width>233</width>
      <height>1100</height>
      <type>TOOLBAR</type>
   </graphicalElement>
   <graphicalElement>
      <x>233</x>
      <y>56</y>
      <width>1047</width>
      <height>77</height>
      <type>TOOLBAR</type>
   </graphicalElement>
   <graphicalElement>
      <x>285</x>
      <y>217</y>
      <width>901</width>
      <height>332</height>
      <type>CHART</type>
   </graphicalElement>
   <graphicalElement>
      <x>285</x>
      <y>576</y>
      <width>91</width>
      <height>28</height>
      <type>LABEL</type>
   </graphicalElement>
   <graphicalElement>
      <x>746</x>
      <y>576</y>
      <width>107</width>
      <height>28</height>
      <type>BUTTON</type>
   </graphicalElement>
   <graphicalElement>
      <x>870</x>
      <y>576</y>
      <width>111</width>
      <height>28</height>
      <type>BUTTON</type>
   </graphicalElement>
   <graphicalElement>
      <x>285</x>
      <y>174</y>
      <width>125</width>
      <height>28</height>
      <type>LABEL</type>
   </graphicalElement>
   <graphicalElement>
      <x>762</x>
      <y>174</y>
      <width>226</width>
      <height>34</height>
      <type>LABEL</type>
   </graphicalElement>
   <graphicalElement>
      <x>997</x>
      <y>174</y>
      <width>189</width>
      <height>34</height>
      <type>BUTTON</type>
   </graphicalElement>
   <graphicalElement>
      <x>285</x>
      <y>616</y>
      <width>901</width>
      <height>596</height>
      <type>CHART</type>
   </graphicalElement>
   <graphicalElement>
      <x>997</x>
      <y>576</y>
      <width>189</width>
      <height>84</height>
      <type>BUTTON</type>
   </graphicalElement>
</dashboard>