<dashboard>
   <x>0</x>
   <y>0</y>
   <width>450</width>
   <height>425</height>
   <type>CHART</type>
   <graphicalElement>
      <x>0</x>
      <y>0</y>
      <width>450</width>
      <height>30</height>
      <type>HEADER</type>
   </graphicalElement>
   <graphicalElement>
      <x>0</x>
      <y>30</y>
      <width>450</width>
      <height>23</height>
      <type>TOOLBAR</type>
   </graphicalElement>
   <graphicalElement>
      <x>12</x>
      <y>64</y>
      <width>146</width>
      <height>13</height>
      <type>BUTTON</type>
   </graphicalElement>
   <graphicalElement>
      <x>382</x>
      <y>64</y>
      <width>54</width>
      <height>13</height>
      <type>BUTTON</type>
   </graphicalElement>
   <graphicalElement>
      <x>12</x>
      <y>81</y>
      <width>135</width>
      <height>151</height>
      <type>CHART</type>
   </graphicalElement>
   <graphicalElement>
      <x>158</x>
      <y>81</y>
      <width>133</width>
      <height>151</height>
      <type>CHART</type>
   </graphicalElement>
   <graphicalElement>
      <x>301</x>
      <y>81</y>
      <width>135</width>
      <height>151</height>
      <type>CHART</type>
   </graphicalElement>
   <graphicalElement>
      <x>12</x>
      <y>243</y>
      <width>279</width>
      <height>151</height>
      <type>CHART</type>
   </graphicalElement>
   <graphicalElement>
      <x>301</x>
      <y>243</y>
      <width>135</width>
      <height>154</height>
      <type>CHART</type>
   </graphicalElement>
</dashboard>