<dashboard>
   <x>0</x>
   <y>0</y>
   <width>400</width>
   <height>303</height>
   <type>CHART</type>
   <graphicalElement>
      <x>0</x>
      <y>0</y>
      <width>400</width>
      <height>16</height>
      <type>TOOLBAR</type>
   </graphicalElement>
   <graphicalElement>
      <x>5</x>
      <y>27</y>
      <width>145</width>
      <height>129</height>
      <type>CHART</type>
   </graphicalElement>
   <graphicalElement>
      <x>155</x>
      <y>27</y>
      <width>143</width>
      <height>129</height>
      <type>CHART</type>
   </graphicalElement>
   <graphicalElement>
      <x>5</x>
      <y>164</y>
      <width>145</width>
      <height>129</height>
      <type>CHART</type>
   </graphicalElement>
   <graphicalElement>
      <x>155</x>
      <y>164</y>
      <width>143</width>
      <height>129</height>
      <type>CHART</type>
   </graphicalElement>
   <graphicalElement>
      <x>307</x>
      <y>27</y>
      <width>85</width>
      <height>266</height>
      <type>CHART</type>
   </graphicalElement>
   <graphicalElement>
      <x>375</x>
      <y>16</y>
      <width>11</width>
      <height>8</height>
      <type>BUTTON</type>
   </graphicalElement>
   <graphicalElement>
      <x>386</x>
      <y>15</y>
      <width>9</width>
      <height>9</height>
      <type>BUTTON</type>
   </graphicalElement>
   <graphicalElement>
      <x>5</x>
      <y>156</y>
      <width>30</width>
      <height>8</height>
      <type>LABEL</type>
   </graphicalElement>
   <graphicalElement>
      <x>155</x>
      <y>156</y>
      <width>30</width>
      <height>8</height>
      <type>LABEL</type>
   </graphicalElement>
   <graphicalElement>
      <x>5</x>
      <y>293</y>
      <width>30</width>
      <height>7</height>
      <type>LABEL</type>
   </graphicalElement>
   <graphicalElement>
      <x>155</x>
      <y>293</y>
      <width>30</width>
      <height>7</height>
      <type>LABEL</type>
   </graphicalElement>
   <graphicalElement>
      <x>307</x>
      <y>293</y>
      <width>33</width>
      <height>7</height>
      <type>LABEL</type>
   </graphicalElement>
</dashboard>