<dashboard>
   <x>0</x>
   <y>0</y>
   <width>600</width>
   <height>475</height>
   <type>CHART</type>
   <graphicalElement>
      <x>23</x>
      <y>20</y>
      <width>117</width>
      <height>238</height>
      <type>TOOLBAR</type>
   </graphicalElement>
   <graphicalElement>
      <x>163</x>
      <y>20</y>
      <width>408</width>
      <height>48</height>
      <type>CHART</type>
   </graphicalElement>
   <graphicalElement>
      <x>181</x>
      <y>78</y>
      <width>101</width>
      <height>141</height>
      <type>CHART</type>
   </graphicalElement>
   <graphicalElement>
      <x>320</x>
      <y>78</y>
      <width>98</width>
      <height>141</height>
      <type>CHART</type>
   </graphicalElement>
   <graphicalElement>
      <x>457</x>
      <y>78</y>
      <width>98</width>
      <height>141</height>
      <type>CHART</type>
   </graphicalElement>
   <graphicalElement>
      <x>170</x>
      <y>263</y>
      <width>89</width>
      <height>81</height>
      <type>CHART</type>
   </graphicalElement>
   <graphicalElement>
      <x>272</x>
      <y>263</y>
      <width>90</width>
      <height>81</height>
      <type>CHART</type>
   </graphicalElement>
   <graphicalElement>
      <x>375</x>
      <y>263</y>
      <width>89</width>
      <height>81</height>
      <type>CHART</type>
   </graphicalElement>
   <graphicalElement>
      <x>478</x>
      <y>263</y>
      <width>88</width>
      <height>81</height>
      <type>CHART</type>
   </graphicalElement>
   <graphicalElement>
      <x>348</x>
      <y>242</y>
      <width>40</width>
      <height>12</height>
      <type>LABEL</type>
   </graphicalElement>
   <graphicalElement>
      <x>170</x>
      <y>376</y>
      <width>192</width>
      <height>99</height>
      <type>CHART</type>
   </graphicalElement>
   <graphicalElement>
      <x>375</x>
      <y>376</y>
      <width>191</width>
      <height>99</height>
      <type>CHART</type>
   </graphicalElement>
</dashboard>