<dashboard>
   <x>0</x>
   <y>0</y>
   <width>1592</width>
   <height>934</height>
   <type>CHART</type>
   <graphicalElement>
      <x>0</x>
      <y>0</y>
      <width>1592</width>
      <height>62</height>
      <type>TOOLBAR</type>
   </graphicalElement>
   <graphicalElement>
      <x>0</x>
      <y>62</y>
      <width>1592</width>
      <height>65</height>
      <type>HEADER</type>
   </graphicalElement>
   <graphicalElement>
      <x>0</x>
      <y>127</y>
      <width>252</width>
      <height>807</height>
      <type>TOOLBAR</type>
   </graphicalElement>
   <graphicalElement>
      <x>280</x>
      <y>158</y>
      <width>460</width>
      <height>371</height>
      <type>CHART</type>
   </graphicalElement>
   <graphicalElement>
      <x>280</x>
      <y>554</y>
      <width>460</width>
      <height>370</height>
      <type>CHART</type>
   </graphicalElement>
   <graphicalElement>
      <x>768</x>
      <y>158</y>
      <width>824</width>
      <height>371</height>
      <type>CHART</type>
   </graphicalElement>
   <graphicalElement>
      <x>768</x>
      <y>554</y>
      <width>458</width>
      <height>370</height>
      <type>CHART</type>
   </graphicalElement>
   <graphicalElement>
      <x>1256</x>
      <y>554</y>
      <width>336</width>
      <height>370</height>
      <type>CHART</type>
   </graphicalElement>
</dashboard>