<dashboard>
   <x>0</x>
   <y>0</y>
   <width>1280</width>
   <height>761</height>
   <type>CHART</type>
   <graphicalElement>
      <x>0</x>
      <y>0</y>
      <width>1280</width>
      <height>22</height>
      <type>TOOLBAR</type>
   </graphicalElement>
   <graphicalElement>
      <x>0</x>
      <y>22</y>
      <width>1280</width>
      <height>36</height>
      <type>HEADER</type>
   </graphicalElement>
   <graphicalElement>
      <x>12</x>
      <y>72</y>
      <width>308</width>
      <height>240</height>
      <type>CHART</type>
   </graphicalElement>
   <graphicalElement>
      <x>326</x>
      <y>72</y>
      <width>419</width>
      <height>217</height>
      <type>CHART</type>
   </graphicalElement>
   <graphicalElement>
      <x>748</x>
      <y>72</y>
      <width>205</width>
      <height>217</height>
      <type>CHART</type>
   </graphicalElement>
   <graphicalElement>
      <x>959</x>
      <y>72</y>
      <width>310</width>
      <height>110</height>
      <type>CHART</type>
   </graphicalElement>
   <graphicalElement>
      <x>959</x>
      <y>187</y>
      <width>310</width>
      <height>93</height>
      <type>CHART</type>
   </graphicalElement>
   <graphicalElement>
      <x>959</x>
      <y>286</y>
      <width>310</width>
      <height>183</height>
      <type>CHART</type>
   </graphicalElement>
   <graphicalElement>
      <x>959</x>
      <y>475</y>
      <width>310</width>
      <height>181</height>
      <type>CHART</type>
   </graphicalElement>
   <graphicalElement>
      <x>538</x>
      <y>481</y>
      <width>416</width>
      <height>218</height>
      <type>CHART</type>
   </graphicalElement>
   <graphicalElement>
      <x>326</x>
      <y>481</y>
      <width>206</width>
      <height>237</height>
      <type>CHART</type>
   </graphicalElement>
   <graphicalElement>
      <x>12</x>
      <y>316</y>
      <width>308</width>
      <height>359</height>
      <type>CHART</type>
   </graphicalElement>
   <graphicalElement>
      <x>326</x>
      <y>293</y>
      <width>311</width>
      <height>181</height>
      <type>CHART</type>
   </graphicalElement>
   <graphicalElement>
      <x>643</x>
      <y>293</y>
      <width>311</width>
      <height>182</height>
      <type>CHART</type>
   </graphicalElement>
   <graphicalElement>
      <x>12</x>
      <y>735</y>
      <width>48</width>
      <height>15</height>
      <type>LABEL</type>
   </graphicalElement>
   <graphicalElement>
      <x>1012</x>
      <y>735</y>
      <width>257</width>
      <height>15</height>
      <type>LABEL</type>
   </graphicalElement>
</dashboard>