<dashboard>
   <x>0</x>
   <y>0</y>
   <width>600</width>
   <height>398</height>
   <type>CHART</type>
   <graphicalElement>
      <x>0</x>
      <y>0</y>
      <width>600</width>
      <height>38</height>
      <type>HEADER</type>
   </graphicalElement>
   <graphicalElement>
      <x>53</x>
      <y>45</y>
      <width>218</width>
      <height>15</height>
      <type>LABEL</type>
   </graphicalElement>
   <graphicalElement>
      <x>4</x>
      <y>68</y>
      <width>142</width>
      <height>128</height>
      <type>CHART</type>
   </graphicalElement>
   <graphicalElement>
      <x>153</x>
      <y>68</y>
      <width>145</width>
      <height>83</height>
      <type>CHART</type>
   </graphicalElement>
   <graphicalElement>
      <x>304</x>
      <y>68</y>
      <width>142</width>
      <height>83</height>
      <type>CHART</type>
   </graphicalElement>
   <graphicalElement>
      <x>453</x>
      <y>68</y>
      <width>143</width>
      <height>128</height>
      <type>CHART</type>
   </graphicalElement>
   <graphicalElement>
      <x>453</x>
      <y>202</y>
      <width>142</width>
      <height>159</height>
      <type>CHART</type>
   </graphicalElement>
   <graphicalElement>
      <x>0</x>
      <y>372</y>
      <width>600</width>
      <height>26</height>
      <type>HEADER</type>
   </graphicalElement>
   <graphicalElement>
      <x>153</x>
      <y>157</y>
      <width>293</width>
      <height>204</height>
      <type>CHART</type>
   </graphicalElement>
   <graphicalElement>
      <x>4</x>
      <y>202</y>
      <width>142</width>
      <height>88</height>
      <type>CHART</type>
   </graphicalElement>
   <graphicalElement>
      <x>4</x>
      <y>297</y>
      <width>142</width>
      <height>69</height>
      <type>CHART</type>
   </graphicalElement>
</dashboard>