<dashboard>
   <x>0</x>
   <y>0</y>
   <width>1440</width>
   <height>900</height>
   <type>CHART</type>
   <graphicalElement>
      <x>56</x>
      <y>66</y>
      <width>264</width>
      <height>147</height>
      <type>CHART</type>
   </graphicalElement>
   <graphicalElement>
      <x>332</x>
      <y>66</y>
      <width>156</width>
      <height>240</height>
      <type>CHART</type>
   </graphicalElement>
   <graphicalElement>
      <x>56</x>
      <y>248</y>
      <width>264</width>
      <height>126</height>
      <type>CHART</type>
   </graphicalElement>
   <graphicalElement>
      <x>97</x>
      <y>386</y>
      <width>453</width>
      <height>211</height>
      <type>CHART</type>
   </graphicalElement>
   <graphicalElement>
      <x>61</x>
      <y>606</y>
      <width>160</width>
      <height>162</height>
      <type>CHART</type>
   </graphicalElement>
   <graphicalElement>
      <x>232</x>
      <y>606</y>
      <width>318</width>
      <height>226</height>
      <type>CHART</type>
   </graphicalElement>
   <graphicalElement>
      <x>501</x>
      <y>61</y>
      <width>328</width>
      <height>163</height>
      <type>CHART</type>
   </graphicalElement>
   <graphicalElement>
      <x>506</x>
      <y>230</y>
      <width>276</width>
      <height>76</height>
      <type>CHART</type>
   </graphicalElement>
   <graphicalElement>
      <x>842</x>
      <y>66</y>
      <width>322</width>
      <height>200</height>
      <type>CHART</type>
   </graphicalElement>
   <graphicalElement>
      <x>1177</x>
      <y>66</y>
      <width>216</width>
      <height>348</height>
      <type>CHART</type>
   </graphicalElement>
   <graphicalElement>
      <x>804</x>
      <y>272</y>
      <width>360</width>
      <height>34</height>
      <type>CHART</type>
   </graphicalElement>
   <graphicalElement>
      <x>564</x>
      <y>313</y>
      <width>489</width>
      <height>235</height>
      <type>CHART</type>
   </graphicalElement>
   <graphicalElement>
      <x>1089</x>
      <y>422</y>
      <width>213</width>
      <height>184</height>
      <type>CHART</type>
   </graphicalElement>
   <graphicalElement>
      <x>564</x>
      <y>565</y>
      <width>342</width>
      <height>148</height>
      <type>CHART</type>
   </graphicalElement>
   <graphicalElement>
      <x>564</x>
      <y>725</y>
      <width>150</width>
      <height>149</height>
      <type>CHART</type>
   </graphicalElement>
   <graphicalElement>
      <x>966</x>
      <y>621</y>
      <width>352</width>
      <height>245</height>
      <type>CHART</type>
   </graphicalElement>
   <graphicalElement>
      <x>6</x>
      <y>854</y>
      <width>42</width>
      <height>39</height>
      <type>BUTTON</type>
   </graphicalElement>
   <graphicalElement>
      <x>48</x>
      <y>854</y>
      <width>44</width>
      <height>39</height>
      <type>BUTTON</type>
   </graphicalElement>
   <graphicalElement>
      <x>1393</x>
      <y>854</y>
      <width>39</width>
      <height>39</height>
      <type>BUTTON</type>
   </graphicalElement>
</dashboard>