<dashboard>
   <x>0</x>
   <y>0</y>
   <width>1308</width>
   <height>1084</height>
   <type>CHART</type>
   <graphicalElement>
      <x>0</x>
      <y>0</y>
      <width>1308</width>
      <height>70</height>
      <type>HEADER</type>
   </graphicalElement>
   <graphicalElement>
      <x>0</x>
      <y>70</y>
      <width>278</width>
      <height>1014</height>
      <type>TOOLBAR</type>
   </graphicalElement>
   <graphicalElement>
      <x>278</x>
      <y>70</y>
      <width>1030</width>
      <height>88</height>
      <type>HEADER</type>
   </graphicalElement>
   <graphicalElement>
      <x>309</x>
      <y>569</y>
      <width>208</width>
      <height>225</height>
      <type>CHART</type>
   </graphicalElement>
   <graphicalElement>
      <x>579</x>
      <y>569</y>
      <width>205</width>
      <height>225</height>
      <type>CHART</type>
   </graphicalElement>
   <graphicalElement>
      <x>830</x>
      <y>569</y>
      <width>203</width>
      <height>225</height>
      <type>CHART</type>
   </graphicalElement>
   <graphicalElement>
      <x>1096</x>
      <y>569</y>
      <width>191</width>
      <height>225</height>
      <type>CHART</type>
   </graphicalElement>
   <graphicalElement>
      <x>294</x>
      <y>253</y>
      <width>668</width>
      <height>245</height>
      <type>CHART</type>
   </graphicalElement>
   <graphicalElement>
      <x>1000</x>
      <y>292</y>
      <width>102</width>
      <height>36</height>
      <type>CHART</type>
   </graphicalElement>
   <graphicalElement>
      <x>1130</x>
      <y>292</y>
      <width>127</width>
      <height>36</height>
      <type>CHART</type>
   </graphicalElement>
   <graphicalElement>
      <x>1005</x>
      <y>369</y>
      <width>245</width>
      <height>104</height>
      <type>CHART</type>
   </graphicalElement>
   <graphicalElement>
      <x>320</x>
      <y>201</y>
      <width>181</width>
      <height>27</height>
      <type>LABEL</type>
   </graphicalElement>
   <graphicalElement>
      <x>320</x>
      <y>890</y>
      <width>161</width>
      <height>30</height>
      <type>LABEL</type>
   </graphicalElement>
   <graphicalElement>
      <x>614</x>
      <y>881</y>
      <width>138</width>
      <height>45</height>
      <type>CHART</type>
   </graphicalElement>
   <graphicalElement>
      <x>824</x>
      <y>890</y>
      <width>138</width>
      <height>30</height>
      <type>LABEL</type>
   </graphicalElement>
   <graphicalElement>
      <x>1152</x>
      <y>881</y>
      <width>112</width>
      <height>45</height>
      <type>CHART</type>
   </graphicalElement>
   <graphicalElement>
      <x>325</x>
      <y>952</y>
      <width>427</width>
      <height>132</height>
      <type>CHART</type>
   </graphicalElement>
   <graphicalElement>
      <x>824</x>
      <y>952</y>
      <width>433</width>
      <height>132</height>
      <type>CHART</type>
   </graphicalElement>
</dashboard>