<dashboard>
   <x>0</x>
   <y>0</y>
   <width>568</width>
   <height>438</height>
   <type>CHART</type>
   <graphicalElement>
      <x>0</x>
      <y>34</y>
      <width>58</width>
      <height>404</height>
      <type>TOOLBAR</type>
   </graphicalElement>
   <graphicalElement>
      <x>0</x>
      <y>0</y>
      <width>568</width>
      <height>19</height>
      <type>HEADER</type>
   </graphicalElement>
   <graphicalElement>
      <x>0</x>
      <y>19</y>
      <width>568</width>
      <height>15</height>
      <type>TOOLBAR</type>
   </graphicalElement>
   <graphicalElement>
      <x>58</x>
      <y>34</y>
      <width>108</width>
      <height>190</height>
      <type>CHART</type>
   </graphicalElement>
   <graphicalElement>
      <x>58</x>
      <y>224</y>
      <width>108</width>
      <height>39</height>
      <type>BUTTON</type>
   </graphicalElement>
   <graphicalElement>
      <x>58</x>
      <y>263</y>
      <width>108</width>
      <height>39</height>
      <type>BUTTON</type>
   </graphicalElement>
   <graphicalElement>
      <x>58</x>
      <y>302</y>
      <width>108</width>
      <height>70</height>
      <type>CHART</type>
   </graphicalElement>
   <graphicalElement>
      <x>58</x>
      <y>372</y>
      <width>108</width>
      <height>66</height>
      <type>BUTTON</type>
   </graphicalElement>
   <graphicalElement>
      <x>178</x>
      <y>44</y>
      <width>380</width>
      <height>20</height>
      <type>CHART</type>
   </graphicalElement>
   <graphicalElement>
      <x>178</x>
      <y>64</y>
      <width>380</width>
      <height>74</height>
      <type>CHART</type>
   </graphicalElement>
   <graphicalElement>
      <x>178</x>
      <y>145</y>
      <width>390</width>
      <height>203</height>
      <type>CHART</type>
   </graphicalElement>
   <graphicalElement>
      <x>172</x>
      <y>328</y>
      <width>178</width>
      <height>110</height>
      <type>CHART</type>
   </graphicalElement>
   <graphicalElement>
      <x>357</x>
      <y>328</y>
      <width>207</width>
      <height>110</height>
      <type>CHART</type>
   </graphicalElement>
</dashboard>