<dashboard>
   <x>0</x>
   <y>0</y>
   <width>700</width>
   <height>546</height>
   <type>CHART</type>
   <graphicalElement>
      <x>0</x>
      <y>66</y>
      <width>700</width>
      <height>37</height>
      <type>TOOLBAR</type>
   </graphicalElement>
   <graphicalElement>
      <x>11</x>
      <y>110</y>
      <width>174</width>
      <height>198</height>
      <type>CHART</type>
   </graphicalElement>
   <graphicalElement>
      <x>190</x>
      <y>110</y>
      <width>500</width>
      <height>195</height>
      <type>CHART</type>
   </graphicalElement>
   <graphicalElement>
      <x>0</x>
      <y>0</y>
      <width>700</width>
      <height>44</height>
      <type>CHART</type>
   </graphicalElement>
   <graphicalElement>
      <x>11</x>
      <y>313</y>
      <width>174</width>
      <height>220</height>
      <type>CHART</type>
   </graphicalElement>
   <graphicalElement>
      <x>190</x>
      <y>313</y>
      <width>500</width>
      <height>220</height>
      <type>CHART</type>
   </graphicalElement>
</dashboard>