<dashboard>
   <x>0</x>
   <y>0</y>
   <width>667</width>
   <height>497</height>
   <type>CHART</type>
   <graphicalElement>
      <x>0</x>
      <y>27</y>
      <width>120</width>
      <height>469</height>
      <type>TOOLBAR</type>
   </graphicalElement>
   <graphicalElement>
      <x>0</x>
      <y>0</y>
      <width>667</width>
      <height>27</height>
      <type>HEADER</type>
   </graphicalElement>
   <graphicalElement>
      <x>120</x>
      <y>336</y>
      <width>547</width>
      <height>161</height>
      <type>CHART</type>
   </graphicalElement>
   <graphicalElement>
      <x>144</x>
      <y>135</y>
      <width>244</width>
      <height>192</height>
      <type>CHART</type>
   </graphicalElement>
   <graphicalElement>
      <x>404</x>
      <y>135</y>
      <width>239</width>
      <height>192</height>
      <type>CHART</type>
   </graphicalElement>
   <graphicalElement>
      <x>144</x>
      <y>65</y>
      <width>108</width>
      <height>58</height>
      <type>CHART</type>
   </graphicalElement>
   <graphicalElement>
      <x>277</x>
      <y>65</y>
      <width>105</width>
      <height>58</height>
      <type>CHART</type>
   </graphicalElement>
   <graphicalElement>
      <x>404</x>
      <y>65</y>
      <width>111</width>
      <height>58</height>
      <type>CHART</type>
   </graphicalElement>
   <graphicalElement>
      <x>542</x>
      <y>65</y>
      <width>107</width>
      <height>58</height>
      <type>CHART</type>
   </graphicalElement>
   <graphicalElement>
      <x>137</x>
      <y>33</y>
      <width>258</width>
      <height>18</height>
      <type>TOOLBAR</type>
   </graphicalElement>
   <graphicalElement>
      <x>479</x>
      <y>33</y>
      <width>51</width>
      <height>18</height>
      <type>BUTTON</type>
   </graphicalElement>
   <graphicalElement>
      <x>537</x>
      <y>33</y>
      <width>56</width>
      <height>18</height>
      <type>BUTTON</type>
   </graphicalElement>
   <graphicalElement>
      <x>600</x>
      <y>33</y>
      <width>54</width>
      <height>18</height>
      <type>BUTTON</type>
   </graphicalElement>
</dashboard>