<dashboard>
   <x>0</x>
   <y>0</y>
   <width>966</width>
   <height>638</height>
   <type>CHART</type>
   <graphicalElement>
      <x>0</x>
      <y>0</y>
      <width>966</width>
      <height>50</height>
      <type>HEADER</type>
   </graphicalElement>
   <graphicalElement>
      <x>6</x>
      <y>100</y>
      <width>676</width>
      <height>508</height>
      <type>CHART</type>
   </graphicalElement>
   <graphicalElement>
      <x>692</x>
      <y>100</y>
      <width>264</width>
      <height>508</height>
      <type>CHART</type>
   </graphicalElement>
   <graphicalElement>
      <x>13</x>
      <y>56</y>
      <width>192</width>
      <height>36</height>
      <type>LABEL</type>
   </graphicalElement>
   <graphicalElement>
      <x>217</x>
      <y>71</y>
      <width>465</width>
      <height>21</height>
      <type>LABEL</type>
   </graphicalElement>
   <graphicalElement>
      <x>6</x>
      <y>618</y>
      <width>301</width>
      <height>16</height>
      <type>LABEL</type>
   </graphicalElement>
   <graphicalElement>
      <x>314</x>
      <y>618</y>
      <width>70</width>
      <height>16</height>
      <type>BUTTON</type>
   </graphicalElement>
   <graphicalElement>
      <x>732</x>
      <y>618</y>
      <width>234</width>
      <height>16</height>
      <type>LABEL</type>
   </graphicalElement>
</dashboard>