<dashboard>
   <x>0</x>
   <y>0</y>
   <width>997</width>
   <height>596</height>
   <type>CHART</type>
   <graphicalElement>
      <x>0</x>
      <y>0</y>
      <width>997</width>
      <height>32</height>
      <type>TOOLBAR</type>
   </graphicalElement>
   <graphicalElement>
      <x>0</x>
      <y>42</y>
      <width>209</width>
      <height>480</height>
      <type>TOOLBAR</type>
   </graphicalElement>
   <graphicalElement>
      <x>214</x>
      <y>42</y>
      <width>783</width>
      <height>27</height>
      <type>TOOLBAR</type>
   </graphicalElement>
   <graphicalElement>
      <x>229</x>
      <y>78</y>
      <width>152</width>
      <height>176</height>
      <type>CHART</type>
   </graphicalElement>
   <graphicalElement>
      <x>381</x>
      <y>78</y>
      <width>169</width>
      <height>176</height>
      <type>CHART</type>
   </graphicalElement>
   <graphicalElement>
      <x>550</x>
      <y>78</y>
      <width>163</width>
      <height>176</height>
      <type>CHART</type>
   </graphicalElement>
   <graphicalElement>
      <x>736</x>
      <y>78</y>
      <width>261</width>
      <height>70</height>
      <type>CHART</type>
   </graphicalElement>
   <graphicalElement>
      <x>736</x>
      <y>158</y>
      <width>261</width>
      <height>91</height>
      <type>CHART</type>
   </graphicalElement>
   <graphicalElement>
      <x>622</x>
      <y>259</y>
      <width>375</width>
      <height>162</height>
      <type>CHART</type>
   </graphicalElement>
   <graphicalElement>
      <x>622</x>
      <y>428</y>
      <width>375</width>
      <height>167</height>
      <type>CHART</type>
   </graphicalElement>
   <graphicalElement>
      <x>229</x>
      <y>259</y>
      <width>377</width>
      <height>162</height>
      <type>CHART</type>
   </graphicalElement>
   <graphicalElement>
      <x>229</x>
      <y>428</y>
      <width>377</width>
      <height>167</height>
      <type>CHART</type>
   </graphicalElement>
</dashboard>