<dashboard>
   <x>0</x>
   <y>0</y>
   <width>1414</width>
   <height>788</height>
   <type>CHART</type>
   <graphicalElement>
      <x>0</x>
      <y>0</y>
      <width>1414</width>
      <height>21</height>
      <type>TOOLBAR</type>
   </graphicalElement>
   <graphicalElement>
      <x>0</x>
      <y>26</y>
      <width>1414</width>
      <height>28</height>
      <type>HEADER</type>
   </graphicalElement>
   <graphicalElement>
      <x>8</x>
      <y>61</y>
      <width>684</width>
      <height>142</height>
      <type>CHART</type>
   </graphicalElement>
   <graphicalElement>
      <x>8</x>
      <y>211</y>
      <width>684</width>
      <height>128</height>
      <type>CHART</type>
   </graphicalElement>
   <graphicalElement>
      <x>8</x>
      <y>348</y>
      <width>684</width>
      <height>140</height>
      <type>CHART</type>
   </graphicalElement>
   <graphicalElement>
      <x>8</x>
      <y>497</y>
      <width>684</width>
      <height>167</height>
      <type>CHART</type>
   </graphicalElement>
   <graphicalElement>
      <x>8</x>
      <y>675</y>
      <width>684</width>
      <height>113</height>
      <type>CHART</type>
   </graphicalElement>
   <graphicalElement>
      <x>718</x>
      <y>61</y>
      <width>687</width>
      <height>142</height>
      <type>CHART</type>
   </graphicalElement>
   <graphicalElement>
      <x>718</x>
      <y>211</y>
      <width>687</width>
      <height>146</height>
      <type>CHART</type>
   </graphicalElement>
   <graphicalElement>
      <x>718</x>
      <y>365</y>
      <width>687</width>
      <height>143</height>
      <type>CHART</type>
   </graphicalElement>
   <graphicalElement>
      <x>718</x>
      <y>517</y>
      <width>687</width>
      <height>168</height>
      <type>CHART</type>
   </graphicalElement>
   <graphicalElement>
      <x>718</x>
      <y>693</y>
      <width>687</width>
      <height>95</height>
      <type>CHART</type>
   </graphicalElement>
</dashboard>