<dashboard>
   <x>0</x>
   <y>0</y>
   <width>706</width>
   <height>507</height>
   <type>CHART</type>
   <graphicalElement>
      <x>0</x>
      <y>0</y>
      <width>706</width>
      <height>48</height>
      <type>HEADER</type>
   </graphicalElement>
   <graphicalElement>
      <x>0</x>
      <y>48</y>
      <width>706</width>
      <height>10</height>
      <type>TOOLBAR</type>
   </graphicalElement>
   <graphicalElement>
      <x>0</x>
      <y>76</y>
      <width>276</width>
      <height>238</height>
      <type>CHART</type>
   </graphicalElement>
   <graphicalElement>
      <x>281</x>
      <y>76</y>
      <width>144</width>
      <height>148</height>
      <type>CHART</type>
   </graphicalElement>
   <graphicalElement>
      <x>433</x>
      <y>76</y>
      <width>273</width>
      <height>156</height>
      <type>CHART</type>
   </graphicalElement>
   <graphicalElement>
      <x>281</x>
      <y>230</y>
      <width>143</width>
      <height>172</height>
      <type>CHART</type>
   </graphicalElement>
   <graphicalElement>
      <x>433</x>
      <y>238</y>
      <width>273</width>
      <height>221</height>
      <type>CHART</type>
   </graphicalElement>
   <graphicalElement>
      <x>0</x>
      <y>318</y>
      <width>276</width>
      <height>171</height>
      <type>CHART</type>
   </graphicalElement>
</dashboard>