<dashboard>
   <x>0</x>
   <y>0</y>
   <width>1326</width>
   <height>868</height>
   <type>CHART</type>
   <graphicalElement>
      <x>16</x>
      <y>109</y>
      <width>764</width>
      <height>753</height>
      <type>CHART</type>
   </graphicalElement>
   <graphicalElement>
      <x>40</x>
      <y>53</y>
      <width>110</width>
      <height>36</height>
      <type>CHART</type>
   </graphicalElement>
   <graphicalElement>
      <x>209</x>
      <y>52</y>
      <width>149</width>
      <height>52</height>
      <type>CHART</type>
   </graphicalElement>
   <graphicalElement>
      <x>396</x>
      <y>52</y>
      <width>154</width>
      <height>52</height>
      <type>CHART</type>
   </graphicalElement>
   <graphicalElement>
      <x>604</x>
      <y>52</y>
      <width>158</width>
      <height>52</height>
      <type>CHART</type>
   </graphicalElement>
   <graphicalElement>
      <x>806</x>
      <y>52</y>
      <width>495</width>
      <height>220</height>
      <type>CHART</type>
   </graphicalElement>
   <graphicalElement>
      <x>806</x>
      <y>279</y>
      <width>495</width>
      <height>223</height>
      <type>CHART</type>
   </graphicalElement>
   <graphicalElement>
      <x>806</x>
      <y>507</y>
      <width>494</width>
      <height>265</height>
      <type>CHART</type>
   </graphicalElement>
   <graphicalElement>
      <x>806</x>
      <y>776</y>
      <width>494</width>
      <height>86</height>
      <type>CHART</type>
   </graphicalElement>
   <graphicalElement>
      <x>40</x>
      <y>10</y>
      <width>82</width>
      <height>30</height>
      <type>LABEL</type>
   </graphicalElement>
   <graphicalElement>
      <x>456</x>
      <y>14</y>
      <width>233</width>
      <height>22</height>
      <type>HEADER</type>
   </graphicalElement>
   <graphicalElement>
      <x>975</x>
      <y>10</y>
      <width>258</width>
      <height>30</height>
      <type>LABEL</type>
   </graphicalElement>
   <graphicalElement>
      <x>1241</x>
      <y>10</y>
      <width>59</width>
      <height>30</height>
      <type>BUTTON</type>
   </graphicalElement>
</dashboard>
