<dashboard>
   <x>0</x>
   <y>0</y>
   <width>1612</width>
   <height>915</height>
   <type>CHART</type>
   <graphicalElement>
      <x>0</x>
      <y>217</y>
      <width>30</width>
      <height>540</height>
      <type>CHART</type>
   </graphicalElement>
   <graphicalElement>
      <x>40</x>
      <y>66</y>
      <width>514</width>
      <height>414</height>
      <type>CHART</type>
   </graphicalElement>
   <graphicalElement>
      <x>565</x>
      <y>66</y>
      <width>512</width>
      <height>414</height>
      <type>CHART</type>
   </graphicalElement>
   <graphicalElement>
      <x>1092</x>
      <y>66</y>
      <width>512</width>
      <height>420</height>
      <type>CHART</type>
   </graphicalElement>
   <graphicalElement>
      <x>40</x>
      <y>496</y>
      <width>514</width>
      <height>414</height>
      <type>CHART</type>
   </graphicalElement>
   <graphicalElement>
      <x>565</x>
      <y>496</y>
      <width>512</width>
      <height>414</height>
      <type>CHART</type>
   </graphicalElement>
   <graphicalElement>
      <x>1092</x>
      <y>496</y>
      <width>512</width>
      <height>414</height>
      <type>CHART</type>
   </graphicalElement>
   <graphicalElement>
      <x>0</x>
      <y>0</y>
      <width>1612</width>
      <height>60</height>
      <type>HEADER</type>
   </graphicalElement>
</dashboard>