<dashboard>
   <x>0</x>
   <y>0</y>
   <width>1255</width>
   <height>772</height>
   <type>CHART</type>
   <graphicalElement>
      <x>0</x>
      <y>0</y>
      <width>143</width>
      <height>772</height>
      <type>TOOLBAR</type>
   </graphicalElement>
   <graphicalElement>
      <x>154</x>
      <y>569</y>
      <width>352</width>
      <height>159</height>
      <type>CHART</type>
   </graphicalElement>
   <graphicalElement>
      <x>154</x>
      <y>291</y>
      <width>352</width>
      <height>262</height>
      <type>CHART</type>
   </graphicalElement>
   <graphicalElement>
      <x>520</x>
      <y>291</y>
      <width>352</width>
      <height>262</height>
      <type>CHART</type>
   </graphicalElement>
   <graphicalElement>
      <x>520</x>
      <y>569</y>
      <width>352</width>
      <height>203</height>
      <type>CHART</type>
   </graphicalElement>
   <graphicalElement>
      <x>886</x>
      <y>569</y>
      <width>352</width>
      <height>203</height>
      <type>CHART</type>
   </graphicalElement>
   <graphicalElement>
      <x>886</x>
      <y>291</y>
      <width>352</width>
      <height>262</height>
      <type>CHART</type>
   </graphicalElement>
   <graphicalElement>
      <x>154</x>
      <y>13</y>
      <width>352</width>
      <height>264</height>
      <type>CHART</type>
   </graphicalElement>
   <graphicalElement>
      <x>520</x>
      <y>13</y>
      <width>352</width>
      <height>264</height>
      <type>CHART</type>
   </graphicalElement>
   <graphicalElement>
      <x>886</x>
      <y>13</y>
      <width>352</width>
      <height>264</height>
      <type>CHART</type>
   </graphicalElement>
</dashboard>