<dashboard>
   <x>0</x>
   <y>0</y>
   <width>1227</width>
   <height>1000</height>
   <type>CHART</type>
   <graphicalElement>
      <x>100</x>
      <y>100</y>
      <width>368</width>
      <height>250</height>
      <type>CHART</type>
   </graphicalElement>
   <graphicalElement>
      <x>520</x>
      <y>100</y>
      <width>282</width>
      <height>412</height>
      <type>CHART</type>
   </graphicalElement>
   <graphicalElement>
      <x>846</x>
      <y>100</y>
      <width>284</width>
      <height>104</height>
      <type>CHART</type>
   </graphicalElement>
   <graphicalElement>
      <x>852</x>
      <y>218</y>
      <width>278</width>
      <height>50</height>
      <type>CHART</type>
   </graphicalElement>
   <graphicalElement>
      <x>852</x>
      <y>320</y>
      <width>278</width>
      <height>186</height>
      <type>CHART</type>
   </graphicalElement>
   <graphicalElement>
      <x>852</x>
      <y>562</y>
      <width>278</width>
      <height>106</height>
      <type>CHART</type>
   </graphicalElement>
   <graphicalElement>
      <x>852</x>
      <y>680</y>
      <width>278</width>
      <height>48</height>
      <type>CHART</type>
   </graphicalElement>
   <graphicalElement>
      <x>852</x>
      <y>780</y>
      <width>278</width>
      <height>138</height>
      <type>CHART</type>
   </graphicalElement>
   <graphicalElement>
      <x>520</x>
      <y>556</y>
      <width>282</width>
      <height>362</height>
      <type>CHART</type>
   </graphicalElement>
   <graphicalElement>
      <x>100</x>
      <y>404</y>
      <width>368</width>
      <height>514</height>
      <type>CHART</type>
   </graphicalElement>
</dashboard>