<dashboard>
   <x>0</x>
   <y>0</y>
   <width>614</width>
   <height>1059</height>
   <type>CHART</type>
   <graphicalElement>
      <x>0</x>
      <y>0</y>
      <width>614</width>
      <height>27</height>
      <type>CHART</type>
   </graphicalElement>
   <graphicalElement>
      <x>466</x>
      <y>27</y>
      <width>148</width>
      <height>1032</height>
      <type>TOOLBAR</type>
   </graphicalElement>
   <graphicalElement>
      <x>13</x>
      <y>43</y>
      <width>442</width>
      <height>139</height>
      <type>CHART</type>
   </graphicalElement>
   <graphicalElement>
      <x>13</x>
      <y>190</y>
      <width>143</width>
      <height>106</height>
      <type>CHART</type>
   </graphicalElement>
   <graphicalElement>
      <x>162</x>
      <y>190</y>
      <width>142</width>
      <height>106</height>
      <type>CHART</type>
   </graphicalElement>
   <graphicalElement>
      <x>310</x>
      <y>190</y>
      <width>145</width>
      <height>106</height>
      <type>CHART</type>
   </graphicalElement>
   <graphicalElement>
      <x>13</x>
      <y>304</y>
      <width>143</width>
      <height>107</height>
      <type>CHART</type>
   </graphicalElement>
   <graphicalElement>
      <x>162</x>
      <y>304</y>
      <width>142</width>
      <height>107</height>
      <type>CHART</type>
   </graphicalElement>
   <graphicalElement>
      <x>310</x>
      <y>304</y>
      <width>145</width>
      <height>107</height>
      <type>CHART</type>
   </graphicalElement>
   <graphicalElement>
      <x>13</x>
      <y>428</y>
      <width>442</width>
      <height>104</height>
      <type>CHART</type>
   </graphicalElement>
   <graphicalElement>
      <x>13</x>
      <y>551</y>
      <width>217</width>
      <height>135</height>
      <type>CHART</type>
   </graphicalElement>
   <graphicalElement>
      <x>238</x>
      <y>551</y>
      <width>217</width>
      <height>135</height>
      <type>CHART</type>
   </graphicalElement>
   <graphicalElement>
      <x>13</x>
      <y>691</y>
      <width>217</width>
      <height>124</height>
      <type>CHART</type>
   </graphicalElement>
   <graphicalElement>
      <x>238</x>
      <y>691</y>
      <width>217</width>
      <height>124</height>
      <type>CHART</type>
   </graphicalElement>
   <graphicalElement>
      <x>13</x>
      <y>828</y>
      <width>442</width>
      <height>135</height>
      <type>CHART</type>
   </graphicalElement>
</dashboard>