<dashboard>
   <x>0</x>
   <y>0</y>
   <width>1254</width>
   <height>891</height>
   <type>CHART</type>
   <graphicalElement>
      <x>0</x>
      <y>0</y>
      <width>280</width>
      <height>891</height>
      <type>TOOLBAR</type>
   </graphicalElement>
   <graphicalElement>
      <x>280</x>
      <y>0</y>
      <width>974</width>
      <height>100</height>
      <type>HEADER</type>
   </graphicalElement>
   <graphicalElement>
      <x>280</x>
      <y>100</y>
      <width>974</width>
      <height>397</height>
      <type>CHART</type>
   </graphicalElement>
   <graphicalElement>
      <x>280</x>
      <y>497</y>
      <width>974</width>
      <height>97</height>
      <type>CHART</type>
   </graphicalElement>
   <graphicalElement>
      <x>280</x>
      <y>594</y>
      <width>974</width>
      <height>297</height>
      <type>CHART</type>
   </graphicalElement>
</dashboard>