<dashboard>
   <x>0</x>
   <y>0</y>
   <width>1045</width>
   <height>757</height>
   <type>CHART</type>
   <graphicalElement>
      <x>4</x>
      <y>0</y>
      <width>1041</width>
      <height>28</height>
      <type>HEADER</type>
   </graphicalElement>
   <graphicalElement>
      <x>162</x>
      <y>56</y>
      <width>438</width>
      <height>330</height>
      <type>CHART</type>
   </graphicalElement>
   <graphicalElement>
      <x>162</x>
      <y>398</y>
      <width>438</width>
      <height>319</height>
      <type>CHART</type>
   </graphicalElement>
   <graphicalElement>
      <x>606</x>
      <y>56</y>
      <width>439</width>
      <height>201</height>
      <type>CHART</type>
   </graphicalElement>
   <graphicalElement>
      <x>606</x>
      <y>268</y>
      <width>439</width>
      <height>489</height>
      <type>CHART</type>
   </graphicalElement>
   <graphicalElement>
      <x>4</x>
      <y>28</y>
      <width>149</width>
      <height>336</height>
      <type>TOOLBAR</type>
   </graphicalElement>
</dashboard>