<dashboard>
   <x>0</x>
   <y>0</y>
   <width>798</width>
   <height>579</height>
   <type>CHART</type>
   <graphicalElement>
      <x>12</x>
      <y>2</y>
      <width>784</width>
      <height>33</height>
      <type>TOOLBAR</type>
   </graphicalElement>
   <graphicalElement>
      <x>8</x>
      <y>54</y>
      <width>785</width>
      <height>135</height>
      <type>TOOLBAR</type>
   </graphicalElement>
   <graphicalElement>
      <x>8</x>
      <y>194</y>
      <width>251</width>
      <height>231</height>
      <type>CHART</type>
   </graphicalElement>
   <graphicalElement>
      <x>269</x>
      <y>194</y>
      <width>248</width>
      <height>231</height>
      <type>CHART</type>
   </graphicalElement>
   <graphicalElement>
      <x>528</x>
      <y>194</y>
      <width>250</width>
      <height>231</height>
      <type>CHART</type>
   </graphicalElement>
   <graphicalElement>
      <x>8</x>
      <y>435</y>
      <width>785</width>
      <height>138</height>
      <type>CHART</type>
   </graphicalElement>
</dashboard>