<dashboard>
   <x>0</x>
   <y>0</y>
   <width>1236</width>
   <height>797</height>
   <type>CHART</type>
   <graphicalElement>
      <x>16</x>
      <y>469</y>
      <width>800</width>
      <height>315</height>
      <type>CHART</type>
   </graphicalElement>
   <graphicalElement>
      <x>826</x>
      <y>469</y>
      <width>394</width>
      <height>315</height>
      <type>CHART</type>
   </graphicalElement>
   <graphicalElement>
      <x>16</x>
      <y>93</y>
      <width>597</width>
      <height>367</height>
      <type>CHART</type>
   </graphicalElement>
   <graphicalElement>
      <x>622</x>
      <y>93</y>
      <width>598</width>
      <height>367</height>
      <type>CHART</type>
   </graphicalElement>
   <graphicalElement>
      <x>16</x>
      <y>53</y>
      <width>101</width>
      <height>28</height>
      <type>BUTTON</type>
   </graphicalElement>
   <graphicalElement>
      <x>124</x>
      <y>53</y>
      <width>82</width>
      <height>28</height>
      <type>BUTTON</type>
   </graphicalElement>
   <graphicalElement>
      <x>16</x>
      <y>2</y>
      <width>253</width>
      <height>44</height>
      <type>TOOLBAR</type>
   </graphicalElement>
</dashboard>