<dashboard>
   <x>0</x>
   <y>0</y>
   <width>1263</width>
   <height>856</height>
   <type>CHART</type>
   <graphicalElement>
      <x>0</x>
      <y>0</y>
      <width>1263</width>
      <height>60</height>
      <type>HEADER</type>
   </graphicalElement>
   <graphicalElement>
      <x>0</x>
      <y>60</y>
      <width>1263</width>
      <height>30</height>
      <type>TOOLBAR</type>
   </graphicalElement>
   <graphicalElement>
      <x>17</x>
      <y>100</y>
      <width>269</width>
      <height>20</height>
      <type>BUTTON</type>
   </graphicalElement>
   <graphicalElement>
      <x>0</x>
      <y>130</y>
      <width>416</width>
      <height>238</height>
      <type>CHART</type>
   </graphicalElement>
   <graphicalElement>
      <x>421</x>
      <y>130</y>
      <width>419</width>
      <height>238</height>
      <type>CHART</type>
   </graphicalElement>
   <graphicalElement>
      <x>846</x>
      <y>130</y>
      <width>417</width>
      <height>238</height>
      <type>CHART</type>
   </graphicalElement>
   <graphicalElement>
      <x>0</x>
      <y>373</y>
      <width>416</width>
      <height>239</height>
      <type>CHART</type>
   </graphicalElement>
   <graphicalElement>
      <x>421</x>
      <y>373</y>
      <width>419</width>
      <height>239</height>
      <type>CHART</type>
   </graphicalElement>
   <graphicalElement>
      <x>846</x>
      <y>373</y>
      <width>417</width>
      <height>239</height>
      <type>CHART</type>
   </graphicalElement>
   <graphicalElement>
      <x>0</x>
      <y>617</y>
      <width>416</width>
      <height>239</height>
      <type>CHART</type>
   </graphicalElement>
   <graphicalElement>
      <x>421</x>
      <y>617</y>
      <width>419</width>
      <height>239</height>
      <type>CHART</type>
   </graphicalElement>
   <graphicalElement>
      <x>846</x>
      <y>617</y>
      <width>417</width>
      <height>239</height>
      <type>CHART</type>
   </graphicalElement>
</dashboard>