<dashboard>
   <x>0</x>
   <y>0</y>
   <width>760</width>
   <height>532</height>
   <type>CHART</type>
   <graphicalElement>
      <x>10</x>
      <y>41</y>
      <width>363</width>
      <height>176</height>
      <type>CHART</type>
   </graphicalElement>
   <graphicalElement>
      <x>10</x>
      <y>225</y>
      <width>363</width>
      <height>72</height>
      <type>CHART</type>
   </graphicalElement>
   <graphicalElement>
      <x>10</x>
      <y>302</y>
      <width>363</width>
      <height>136</height>
      <type>CHART</type>
   </graphicalElement>
   <graphicalElement>
      <x>10</x>
      <y>441</y>
      <width>363</width>
      <height>84</height>
      <type>CHART</type>
   </graphicalElement>
   <graphicalElement>
      <x>386</x>
      <y>421</y>
      <width>368</width>
      <height>102</height>
      <type>CHART</type>
   </graphicalElement>
   <graphicalElement>
      <x>386</x>
      <y>297</y>
      <width>369</width>
      <height>106</height>
      <type>CHART</type>
   </graphicalElement>
   <graphicalElement>
      <x>386</x>
      <y>154</y>
      <width>369</width>
      <height>128</height>
      <type>CHART</type>
   </graphicalElement>
   <graphicalElement>
      <x>386</x>
      <y>41</y>
      <width>369</width>
      <height>109</height>
      <type>CHART</type>
   </graphicalElement>
   <graphicalElement>
      <x>11</x>
      <y>7</y>
      <width>352</width>
      <height>26</height>
      <type>CHART</type>
   </graphicalElement>
   <graphicalElement>
      <x>386</x>
      <y>7</y>
      <width>231</width>
      <height>25</height>
      <type>HEADER</type>
   </graphicalElement>
   <graphicalElement>
      <x>685</x>
      <y>7</y>
      <width>70</width>
      <height>25</height>
      <type>LABEL</type>
   </graphicalElement>
</dashboard>