<dashboard>
   <x>0</x>
   <y>0</y>
   <width>1272</width>
   <height>874</height>
   <type>CHART</type>
   <graphicalElement>
      <x>0</x>
      <y>0</y>
      <width>1272</width>
      <height>30</height>
      <type>HEADER</type>
   </graphicalElement>
   <graphicalElement>
      <x>0</x>
      <y>30</y>
      <width>1272</width>
      <height>25</height>
      <type>TOOLBAR</type>
   </graphicalElement>
   <graphicalElement>
      <x>0</x>
      <y>55</y>
      <width>21</width>
      <height>819</height>
      <type>TOOLBAR</type>
   </graphicalElement>
   <graphicalElement>
      <x>34</x>
      <y>81</y>
      <width>596</width>
      <height>389</height>
      <type>CHART</type>
   </graphicalElement>
   <graphicalElement>
      <x>34</x>
      <y>481</y>
      <width>596</width>
      <height>386</height>
      <type>CHART</type>
   </graphicalElement>
   <graphicalElement>
      <x>646</x>
      <y>81</y>
      <width>616</width>
      <height>389</height>
      <type>CHART</type>
   </graphicalElement>
   <graphicalElement>
      <x>646</x>
      <y>481</y>
      <width>616</width>
      <height>386</height>
      <type>CHART</type>
   </graphicalElement>
   <graphicalElement>
      <x>29</x>
      <y>55</y>
      <width>1233</width>
      <height>26</height>
      <type>TOOLBAR</type>
   </graphicalElement>
</dashboard>