<dashboard>
   <x>0</x>
   <y>0</y>
   <width>1322</width>
   <height>1526</height>
   <type>CHART</type>
   <graphicalElement>
      <x>0</x>
      <y>0</y>
      <width>196</width>
      <height>1526</height>
      <type>TOOLBAR</type>
   </graphicalElement>
   <graphicalElement>
      <x>196</x>
      <y>0</y>
      <width>1126</width>
      <height>78</height>
      <type>TOOLBAR</type>
   </graphicalElement>
   <graphicalElement>
      <x>196</x>
      <y>78</y>
      <width>1126</width>
      <height>194</height>
      <type>TOOLBAR</type>
   </graphicalElement>
   <graphicalElement>
      <x>241</x>
      <y>304</y>
      <width>567</width>
      <height>209</height>
      <type>CHART</type>
   </graphicalElement>
   <graphicalElement>
      <x>834</x>
      <y>304</y>
      <width>447</width>
      <height>209</height>
      <type>CHART</type>
   </graphicalElement>
   <graphicalElement>
      <x>413</x>
      <y>535</y>
      <width>204</width>
      <height>35</height>
      <type>BUTTON</type>
   </graphicalElement>
   <graphicalElement>
      <x>1010</x>
      <y>535</y>
      <width>146</width>
      <height>35</height>
      <type>BUTTON</type>
   </graphicalElement>
   <graphicalElement>
      <x>248</x>
      <y>686</y>
      <width>692</width>
      <height>794</height>
      <type>CHART</type>
   </graphicalElement>
   <graphicalElement>
      <x>740</x>
      <y>606</y>
      <width>46</width>
      <height>40</height>
      <type>BUTTON</type>
   </graphicalElement>
   <graphicalElement>
      <x>995</x>
      <y>686</y>
      <width>286</width>
      <height>52</height>
      <type>BUTTON</type>
   </graphicalElement>
   <graphicalElement>
      <x>995</x>
      <y>756</y>
      <width>286</width>
      <height>49</height>
      <type>BUTTON</type>
   </graphicalElement>
   <graphicalElement>
      <x>995</x>
      <y>821</y>
      <width>286</width>
      <height>53</height>
      <type>BUTTON</type>
   </graphicalElement>
   <graphicalElement>
      <x>995</x>
      <y>898</y>
      <width>286</width>
      <height>92</height>
      <type>LABEL</type>
   </graphicalElement>
   <graphicalElement>
      <x>995</x>
      <y>1110</y>
      <width>286</width>
      <height>91</height>
      <type>LABEL</type>
   </graphicalElement>
   <graphicalElement>
      <x>995</x>
      <y>1329</y>
      <width>286</width>
      <height>86</height>
      <type>LABEL</type>
   </graphicalElement>
   <graphicalElement>
      <x>995</x>
      <y>1005</y>
      <width>286</width>
      <height>46</height>
      <type>BUTTON</type>
   </graphicalElement>
   <graphicalElement>
      <x>995</x>
      <y>1220</y>
      <width>286</width>
      <height>44</height>
      <type>BUTTON</type>
   </graphicalElement>
   <graphicalElement>
      <x>995</x>
      <y>1430</y>
      <width>286</width>
      <height>44</height>
      <type>BUTTON</type>
   </graphicalElement>
</dashboard>