<dashboard>
   <x>0</x>
   <y>0</y>
   <width>468</width>
   <height>621</height>
   <type>CHART</type>
   <graphicalElement>
      <x>0</x>
      <y>0</y>
      <width>468</width>
      <height>24</height>
      <type>HEADER</type>
   </graphicalElement>
   <graphicalElement>
      <x>0</x>
      <y>24</y>
      <width>468</width>
      <height>25</height>
      <type>TOOLBAR</type>
   </graphicalElement>
   <graphicalElement>
      <x>11</x>
      <y>60</y>
      <width>295</width>
      <height>120</height>
      <type>CHART</type>
   </graphicalElement>
   <graphicalElement>
      <x>315</x>
      <y>60</y>
      <width>137</width>
      <height>119</height>
      <type>CHART</type>
   </graphicalElement>
   <graphicalElement>
      <x>11</x>
      <y>375</y>
      <width>447</width>
      <height>43</height>
      <type>CHART</type>
   </graphicalElement>
   <graphicalElement>
      <x>37</x>
      <y>432</y>
      <width>181</width>
      <height>165</height>
      <type>CHART</type>
   </graphicalElement>
   <graphicalElement>
      <x>228</x>
      <y>432</y>
      <width>194</width>
      <height>165</height>
      <type>CHART</type>
   </graphicalElement>
   <graphicalElement>
      <x>11</x>
      <y>312</y>
      <width>81</width>
      <height>22</height>
      <type>LABEL</type>
   </graphicalElement>
   <graphicalElement>
      <x>19</x>
      <y>341</y>
      <width>51</width>
      <height>22</height>
      <type>BUTTON</type>
   </graphicalElement>
   <graphicalElement>
      <x>76</x>
      <y>341</y>
      <width>64</width>
      <height>22</height>
      <type>BUTTON</type>
   </graphicalElement>
   <graphicalElement>
      <x>145</x>
      <y>341</y>
      <width>41</width>
      <height>22</height>
      <type>BUTTON</type>
   </graphicalElement>
   <graphicalElement>
      <x>193</x>
      <y>341</y>
      <width>94</width>
      <height>22</height>
      <type>BUTTON</type>
   </graphicalElement>
   <graphicalElement>
      <x>11</x>
      <y>238</y>
      <width>447</width>
      <height>46</height>
      <type>CHART</type>
   </graphicalElement>
   <graphicalElement>
      <x>17</x>
      <y>194</y>
      <width>80</width>
      <height>15</height>
      <type>LABEL</type>
   </graphicalElement>
   <graphicalElement>
      <x>17</x>
      <y>211</y>
      <width>65</width>
      <height>17</height>
      <type>BUTTON</type>
   </graphicalElement>
   <graphicalElement>
      <x>86</x>
      <y>211</y>
      <width>56</width>
      <height>17</height>
      <type>BUTTON</type>
   </graphicalElement>
   <graphicalElement>
      <x>145</x>
      <y>211</y>
      <width>58</width>
      <height>17</height>
      <type>BUTTON</type>
   </graphicalElement>
   <graphicalElement>
      <x>208</x>
      <y>211</y>
      <width>43</width>
      <height>16</height>
      <type>BUTTON</type>
   </graphicalElement>
</dashboard>