<dashboard>
   <x>0</x>
   <y>0</y>
   <width>794</width>
   <height>569</height>
   <type>CHART</type>
   <graphicalElement>
      <x>20</x>
      <y>14</y>
      <width>302</width>
      <height>171</height>
      <type>CHART</type>
   </graphicalElement>
   <graphicalElement>
      <x>334</x>
      <y>14</y>
      <width>441</width>
      <height>171</height>
      <type>CHART</type>
   </graphicalElement>
   <graphicalElement>
      <x>20</x>
      <y>197</y>
      <width>302</width>
      <height>179</height>
      <type>CHART</type>
   </graphicalElement>
   <graphicalElement>
      <x>334</x>
      <y>197</y>
      <width>441</width>
      <height>184</height>
      <type>CHART</type>
   </graphicalElement>
   <graphicalElement>
      <x>20</x>
      <y>387</y>
      <width>497</width>
      <height>169</height>
      <type>CHART</type>
   </graphicalElement>
   <graphicalElement>
      <x>523</x>
      <y>387</y>
      <width>252</width>
      <height>169</height>
      <type>CHART</type>
   </graphicalElement>
</dashboard>