<dashboard>
   <x>0</x>
   <y>0</y>
   <width>1037</width>
   <height>1568</height>
   <type>CHART</type>
   <graphicalElement>
      <x>0</x>
      <y>0</y>
      <width>1037</width>
      <height>77</height>
      <type>HEADER</type>
   </graphicalElement>
   <graphicalElement>
      <x>369</x>
      <y>105</y>
      <width>621</width>
      <height>381</height>
      <type>CHART</type>
   </graphicalElement>
   <graphicalElement>
      <x>48</x>
      <y>105</y>
      <width>304</width>
      <height>515</height>
      <type>CHART</type>
   </graphicalElement>
   <graphicalElement>
      <x>369</x>
      <y>506</y>
      <width>621</width>
      <height>263</height>
      <type>CHART</type>
   </graphicalElement>
   <graphicalElement>
      <x>48</x>
      <y>641</y>
      <width>304</width>
      <height>128</height>
      <type>CHART</type>
   </graphicalElement>
   <graphicalElement>
      <x>48</x>
      <y>789</y>
      <width>304</width>
      <height>285</height>
      <type>CHART</type>
   </graphicalElement>
   <graphicalElement>
      <x>369</x>
      <y>784</y>
      <width>303</width>
      <height>290</height>
      <type>CHART</type>
   </graphicalElement>
   <graphicalElement>
      <x>686</x>
      <y>784</y>
      <width>304</width>
      <height>290</height>
      <type>CHART</type>
   </graphicalElement>
   <graphicalElement>
      <x>48</x>
      <y>1092</y>
      <width>942</width>
      <height>366</height>
      <type>CHART</type>
   </graphicalElement>
   <graphicalElement>
      <x>0</x>
      <y>1484</y>
      <width>1037</width>
      <height>84</height>
      <type>HEADER</type>
   </graphicalElement>
</dashboard>