<dashboard>
   <x>0</x>
   <y>0</y>
   <width>1920</width>
   <height>1051</height>
   <type>CHART</type>
   <graphicalElement>
      <x>0</x>
      <y>0</y>
      <width>1920</width>
      <height>56</height>
      <type>HEADER</type>
   </graphicalElement>
   <graphicalElement>
      <x>16</x>
      <y>110</y>
      <width>1220</width>
      <height>924</height>
      <type>CHART</type>
   </graphicalElement>
   <graphicalElement>
      <x>1236</x>
      <y>110</y>
      <width>664</width>
      <height>924</height>
      <type>CHART</type>
   </graphicalElement>
   <graphicalElement>
      <x>16</x>
      <y>74</y>
      <width>1220</width>
      <height>36</height>
      <type>TOOLBAR</type>
   </graphicalElement>
   <graphicalElement>
      <x>1236</x>
      <y>74</y>
      <width>664</width>
      <height>36</height>
      <type>TOOLBAR</type>
   </graphicalElement>
</dashboard>