<dashboard>
   <x>0</x>
   <y>0</y>
   <width>1373</width>
   <height>789</height>
   <type>CHART</type>
   <graphicalElement>
      <x>3</x>
      <y>23</y>
      <width>672</width>
      <height>177</height>
      <type>CHART</type>
   </graphicalElement>
   <graphicalElement>
      <x>3</x>
      <y>210</y>
      <width>672</width>
      <height>214</height>
      <type>CHART</type>
   </graphicalElement>
   <graphicalElement>
      <x>3</x>
      <y>437</y>
      <width>672</width>
      <height>155</height>
      <type>CHART</type>
   </graphicalElement>
   <graphicalElement>
      <x>3</x>
      <y>604</y>
      <width>672</width>
      <height>169</height>
      <type>CHART</type>
   </graphicalElement>
   <graphicalElement>
      <x>685</x>
      <y>23</y>
      <width>675</width>
      <height>177</height>
      <type>CHART</type>
   </graphicalElement>
   <graphicalElement>
      <x>685</x>
      <y>210</y>
      <width>675</width>
      <height>214</height>
      <type>CHART</type>
   </graphicalElement>
   <graphicalElement>
      <x>685</x>
      <y>437</y>
      <width>675</width>
      <height>155</height>
      <type>CHART</type>
   </graphicalElement>
   <graphicalElement>
      <x>685</x>
      <y>598</y>
      <width>675</width>
      <height>180</height>
      <type>CHART</type>
   </graphicalElement>
   <graphicalElement>
      <x>0</x>
      <y>0</y>
      <width>1373</width>
      <height>18</height>
      <type>TOOLBAR</type>
   </graphicalElement>
</dashboard>