<dashboard>
   <x>0</x>
   <y>0</y>
   <width>1260</width>
   <height>720</height>
   <type>CHART</type>
   <graphicalElement>
      <x>218</x>
      <y>13</y>
      <width>826</width>
      <height>65</height>
      <type>HEADER</type>
   </graphicalElement>
   <graphicalElement>
      <x>218</x>
      <y>86</y>
      <width>200</width>
      <height>198</height>
      <type>CHART</type>
   </graphicalElement>
   <graphicalElement>
      <x>424</x>
      <y>86</y>
      <width>202</width>
      <height>198</height>
      <type>CHART</type>
   </graphicalElement>
   <graphicalElement>
      <x>634</x>
      <y>86</y>
      <width>202</width>
      <height>198</height>
      <type>CHART</type>
   </graphicalElement>
   <graphicalElement>
      <x>842</x>
      <y>86</y>
      <width>196</width>
      <height>198</height>
      <type>CHART</type>
   </graphicalElement>
   <graphicalElement>
      <x>218</x>
      <y>294</y>
      <width>408</width>
      <height>412</height>
      <type>CHART</type>
   </graphicalElement>
   <graphicalElement>
      <x>634</x>
      <y>294</y>
      <width>202</width>
      <height>203</height>
      <type>CHART</type>
   </graphicalElement>
   <graphicalElement>
      <x>842</x>
      <y>294</y>
      <width>202</width>
      <height>203</height>
      <type>CHART</type>
   </graphicalElement>
   <graphicalElement>
      <x>634</x>
      <y>505</y>
      <width>202</width>
      <height>201</height>
      <type>CHART</type>
   </graphicalElement>
   <graphicalElement>
      <x>842</x>
      <y>505</y>
      <width>202</width>
      <height>201</height>
      <type>CHART</type>
   </graphicalElement>
</dashboard>