<dashboard>
   <x>0</x>
   <y>0</y>
   <width>590</width>
   <height>507</height>
   <type>CHART</type>
   <graphicalElement>
      <x>0</x>
      <y>0</y>
      <width>590</width>
      <height>18</height>
      <type>HEADER</type>
   </graphicalElement>
   <graphicalElement>
      <x>86</x>
      <y>18</y>
      <width>504</width>
      <height>22</height>
      <type>TOOLBAR</type>
   </graphicalElement>
   <graphicalElement>
      <x>0</x>
      <y>18</y>
      <width>86</width>
      <height>489</height>
      <type>TOOLBAR</type>
   </graphicalElement>
   <graphicalElement>
      <x>98</x>
      <y>52</y>
      <width>110</width>
      <height>53</height>
      <type>CHART</type>
   </graphicalElement>
   <graphicalElement>
      <x>220</x>
      <y>52</y>
      <width>111</width>
      <height>53</height>
      <type>CHART</type>
   </graphicalElement>
   <graphicalElement>
      <x>342</x>
      <y>52</y>
      <width>113</width>
      <height>53</height>
      <type>CHART</type>
   </graphicalElement>
   <graphicalElement>
      <x>466</x>
      <y>52</y>
      <width>112</width>
      <height>53</height>
      <type>CHART</type>
   </graphicalElement>
   <graphicalElement>
      <x>98</x>
      <y>116</y>
      <width>316</width>
      <height>134</height>
      <type>CHART</type>
   </graphicalElement>
   <graphicalElement>
      <x>425</x>
      <y>116</y>
      <width>153</width>
      <height>134</height>
      <type>CHART</type>
   </graphicalElement>
   <graphicalElement>
      <x>98</x>
      <y>261</y>
      <width>70</width>
      <height>87</height>
      <type>CHART</type>
   </graphicalElement>
   <graphicalElement>
      <x>180</x>
      <y>261</y>
      <width>70</width>
      <height>87</height>
      <type>CHART</type>
   </graphicalElement>
   <graphicalElement>
      <x>262</x>
      <y>261</y>
      <width>69</width>
      <height>87</height>
      <type>CHART</type>
   </graphicalElement>
   <graphicalElement>
      <x>342</x>
      <y>261</y>
      <width>72</width>
      <height>87</height>
      <type>CHART</type>
   </graphicalElement>
   <graphicalElement>
      <x>425</x>
      <y>261</y>
      <width>71</width>
      <height>87</height>
      <type>CHART</type>
   </graphicalElement>
   <graphicalElement>
      <x>506</x>
      <y>261</y>
      <width>72</width>
      <height>87</height>
      <type>CHART</type>
   </graphicalElement>
   <graphicalElement>
      <x>98</x>
      <y>361</y>
      <width>192</width>
      <height>139</height>
      <type>CHART</type>
   </graphicalElement>
   <graphicalElement>
      <x>303</x>
      <y>361</y>
      <width>111</width>
      <height>139</height>
      <type>CHART</type>
   </graphicalElement>
   <graphicalElement>
      <x>425</x>
      <y>361</y>
      <width>153</width>
      <height>139</height>
      <type>CHART</type>
   </graphicalElement>
</dashboard>