<dashboard>
   <x>0</x>
   <y>0</y>
   <width>2048</width>
   <height>1536</height>
   <type>CHART</type>
   <graphicalElement>
      <x>0</x>
      <y>0</y>
      <width>1022</width>
      <height>768</height>
      <type>CHART</type>
   </graphicalElement>
   <graphicalElement>
      <x>1022</x>
      <y>0</y>
      <width>1026</width>
      <height>768</height>
      <type>CHART</type>
   </graphicalElement>
   <graphicalElement>
      <x>0</x>
      <y>768</y>
      <width>512</width>
      <height>768</height>
      <type>CHART</type>
   </graphicalElement>
   <graphicalElement>
      <x>512</x>
      <y>768</y>
      <width>510</width>
      <height>768</height>
      <type>CHART</type>
   </graphicalElement>
   <graphicalElement>
      <x>1022</x>
      <y>768</y>
      <width>516</width>
      <height>768</height>
      <type>CHART</type>
   </graphicalElement>
   <graphicalElement>
      <x>1538</x>
      <y>768</y>
      <width>510</width>
      <height>768</height>
      <type>CHART</type>
   </graphicalElement>
</dashboard>