<dashboard>
   <x>0</x>
   <y>0</y>
   <width>1203</width>
   <height>705</height>
   <type>CHART</type>
   <graphicalElement>
      <x>13</x>
      <y>8</y>
      <width>107</width>
      <height>31</height>
      <type>LABEL</type>
   </graphicalElement>
   <graphicalElement>
      <x>13</x>
      <y>42</y>
      <width>224</width>
      <height>25</height>
      <type>BUTTON</type>
   </graphicalElement>
   <graphicalElement>
      <x>250</x>
      <y>6</y>
      <width>947</width>
      <height>50</height>
      <type>HEADER</type>
   </graphicalElement>
   <graphicalElement>
      <x>273</x>
      <y>76</y>
      <width>288</width>
      <height>305</height>
      <type>CHART</type>
   </graphicalElement>
   <graphicalElement>
      <x>572</x>
      <y>76</y>
      <width>290</width>
      <height>305</height>
      <type>CHART</type>
   </graphicalElement>
   <graphicalElement>
      <x>0</x>
      <y>83</y>
      <width>250</width>
      <height>622</height>
      <type>TOOLBAR</type>
   </graphicalElement>
   <graphicalElement>
      <x>872</x>
      <y>76</y>
      <width>292</width>
      <height>305</height>
      <type>CHART</type>
   </graphicalElement>
   <graphicalElement>
      <x>273</x>
      <y>392</y>
      <width>288</width>
      <height>305</height>
      <type>CHART</type>
   </graphicalElement>
   <graphicalElement>
      <x>572</x>
      <y>392</y>
      <width>290</width>
      <height>305</height>
      <type>CHART</type>
   </graphicalElement>
   <graphicalElement>
      <x>872</x>
      <y>392</y>
      <width>292</width>
      <height>305</height>
      <type>BUTTON</type>
   </graphicalElement>
</dashboard>