<dashboard>
   <x>0</x>
   <y>0</y>
   <width>874</width>
   <height>748</height>
   <type>CHART</type>
   <graphicalElement>
      <x>0</x>
      <y>0</y>
      <width>874</width>
      <height>78</height>
      <type>HEADER</type>
   </graphicalElement>
   <graphicalElement>
      <x>0</x>
      <y>78</y>
      <width>874</width>
      <height>36</height>
      <type>HEADER</type>
   </graphicalElement>
   <graphicalElement>
      <x>0</x>
      <y>114</y>
      <width>874</width>
      <height>12</height>
      <type>HEADER</type>
   </graphicalElement>
   <graphicalElement>
      <x>0</x>
      <y>128</y>
      <width>235</width>
      <height>23</height>
      <type>BUTTON</type>
   </graphicalElement>
   <graphicalElement>
      <x>239</x>
      <y>128</y>
      <width>237</width>
      <height>23</height>
      <type>BUTTON</type>
   </graphicalElement>
   <graphicalElement>
      <x>479</x>
      <y>128</y>
      <width>237</width>
      <height>23</height>
      <type>BUTTON</type>
   </graphicalElement>
   <graphicalElement>
      <x>719</x>
      <y>128</y>
      <width>155</width>
      <height>23</height>
      <type>BUTTON</type>
   </graphicalElement>
   <graphicalElement>
      <x>0</x>
      <y>156</y>
      <width>141</width>
      <height>142</height>
      <type>CHART</type>
   </graphicalElement>
   <graphicalElement>
      <x>0</x>
      <y>303</y>
      <width>141</width>
      <height>141</height>
      <type>CHART</type>
   </graphicalElement>
   <graphicalElement>
      <x>0</x>
      <y>449</y>
      <width>141</width>
      <height>142</height>
      <type>CHART</type>
   </graphicalElement>
   <graphicalElement>
      <x>0</x>
      <y>596</y>
      <width>141</width>
      <height>140</height>
      <type>CHART</type>
   </graphicalElement>
   <graphicalElement>
      <x>183</x>
      <y>156</y>
      <width>213</width>
      <height>142</height>
      <type>CHART</type>
   </graphicalElement>
   <graphicalElement>
      <x>183</x>
      <y>303</y>
      <width>213</width>
      <height>141</height>
      <type>CHART</type>
   </graphicalElement>
   <graphicalElement>
      <x>438</x>
      <y>303</y>
      <width>141</width>
      <height>141</height>
      <type>CHART</type>
   </graphicalElement>
   <graphicalElement>
      <x>438</x>
      <y>156</y>
      <width>141</width>
      <height>142</height>
      <type>CHART</type>
   </graphicalElement>
   <graphicalElement>
      <x>183</x>
      <y>449</y>
      <width>213</width>
      <height>142</height>
      <type>CHART</type>
   </graphicalElement>
   <graphicalElement>
      <x>183</x>
      <y>596</y>
      <width>213</width>
      <height>140</height>
      <type>CHART</type>
   </graphicalElement>
   <graphicalElement>
      <x>438</x>
      <y>449</y>
      <width>141</width>
      <height>142</height>
      <type>CHART</type>
   </graphicalElement>
   <graphicalElement>
      <x>438</x>
      <y>596</y>
      <width>141</width>
      <height>140</height>
      <type>CHART</type>
   </graphicalElement>
   <graphicalElement>
      <x>619</x>
      <y>156</y>
      <width>146</width>
      <height>142</height>
      <type>CHART</type>
   </graphicalElement>
   <graphicalElement>
      <x>619</x>
      <y>303</y>
      <width>146</width>
      <height>141</height>
      <type>CHART</type>
   </graphicalElement>
   <graphicalElement>
      <x>619</x>
      <y>449</y>
      <width>146</width>
      <height>142</height>
      <type>CHART</type>
   </graphicalElement>
   <graphicalElement>
      <x>619</x>
      <y>596</y>
      <width>146</width>
      <height>140</height>
      <type>CHART</type>
   </graphicalElement>
   <graphicalElement>
      <x>801</x>
      <y>156</y>
      <width>71</width>
      <height>69</height>
      <type>CHART</type>
   </graphicalElement>
   <graphicalElement>
      <x>801</x>
      <y>229</y>
      <width>71</width>
      <height>69</height>
      <type>CHART</type>
   </graphicalElement>
   <graphicalElement>
      <x>801</x>
      <y>303</y>
      <width>71</width>
      <height>69</height>
      <type>CHART</type>
   </graphicalElement>
   <graphicalElement>
      <x>801</x>
      <y>375</y>
      <width>71</width>
      <height>71</height>
      <type>CHART</type>
   </graphicalElement>
   <graphicalElement>
      <x>801</x>
      <y>449</y>
      <width>71</width>
      <height>70</height>
      <type>CHART</type>
   </graphicalElement>
   <graphicalElement>
      <x>801</x>
      <y>522</y>
      <width>71</width>
      <height>71</height>
      <type>CHART</type>
   </graphicalElement>
   <graphicalElement>
      <x>801</x>
      <y>596</y>
      <width>71</width>
      <height>71</height>
      <type>CHART</type>
   </graphicalElement>
   <graphicalElement>
      <x>801</x>
      <y>670</y>
      <width>71</width>
      <height>70</height>
      <type>CHART</type>
   </graphicalElement>
</dashboard>