<dashboard>
   <x>0</x>
   <y>0</y>
   <width>1109</width>
   <height>812</height>
   <type>CHART</type>
   <graphicalElement>
      <x>0</x>
      <y>0</y>
      <width>651</width>
      <height>141</height>
      <type>LABEL</type>
   </graphicalElement>
   <graphicalElement>
      <x>0</x>
      <y>148</y>
      <width>651</width>
      <height>312</height>
      <type>CHART</type>
   </graphicalElement>
   <graphicalElement>
      <x>0</x>
      <y>470</y>
      <width>651</width>
      <height>319</height>
      <type>CHART</type>
   </graphicalElement>
   <graphicalElement>
      <x>656</x>
      <y>0</y>
      <width>453</width>
      <height>201</height>
      <type>CHART</type>
   </graphicalElement>
   <graphicalElement>
      <x>656</x>
      <y>206</y>
      <width>453</width>
      <height>198</height>
      <type>CHART</type>
   </graphicalElement>
   <graphicalElement>
      <x>656</x>
      <y>410</y>
      <width>453</width>
      <height>195</height>
      <type>CHART</type>
   </graphicalElement>
   <graphicalElement>
      <x>656</x>
      <y>613</y>
      <width>453</width>
      <height>199</height>
      <type>CHART</type>
   </graphicalElement>
</dashboard>