<dashboard>
   <x>0</x>
   <y>0</y>
   <width>1270</width>
   <height>1004</height>
   <type>CHART</type>
   <graphicalElement>
      <x>0</x>
      <y>0</y>
      <width>63</width>
      <height>1004</height>
      <type>TOOLBAR</type>
   </graphicalElement>
   <graphicalElement>
      <x>63</x>
      <y>0</y>
      <width>1207</width>
      <height>66</height>
      <type>TOOLBAR</type>
   </graphicalElement>
   <graphicalElement>
      <x>78</x>
      <y>84</y>
      <width>301</width>
      <height>181</height>
      <type>CHART</type>
   </graphicalElement>
   <graphicalElement>
      <x>393</x>
      <y>84</y>
      <width>301</width>
      <height>363</height>
      <type>CHART</type>
   </graphicalElement>
   <graphicalElement>
      <x>710</x>
      <y>84</y>
      <width>299</width>
      <height>361</height>
      <type>CHART</type>
   </graphicalElement>
   <graphicalElement>
      <x>78</x>
      <y>274</y>
      <width>301</width>
      <height>356</height>
      <type>CHART</type>
   </graphicalElement>
   <graphicalElement>
      <x>78</x>
      <y>646</y>
      <width>301</width>
      <height>288</height>
      <type>CHART</type>
   </graphicalElement>
   <graphicalElement>
      <x>393</x>
      <y>462</y>
      <width>301</width>
      <height>497</height>
      <type>CHART</type>
   </graphicalElement>
   <graphicalElement>
      <x>710</x>
      <y>459</y>
      <width>299</width>
      <height>164</height>
      <type>CHART</type>
   </graphicalElement>
   <graphicalElement>
      <x>710</x>
      <y>633</y>
      <width>299</width>
      <height>289</height>
      <type>CHART</type>
   </graphicalElement>
</dashboard>