<dashboard>
   <x>0</x>
   <y>0</y>
   <width>1005</width>
   <height>670</height>
   <type>CHART</type>
   <graphicalElement>
      <x>0</x>
      <y>0</y>
      <width>1005</width>
      <height>41</height>
      <type>HEADER</type>
   </graphicalElement>
   <graphicalElement>
      <x>0</x>
      <y>41</y>
      <width>1005</width>
      <height>24</height>
      <type>HEADER</type>
   </graphicalElement>
   <graphicalElement>
      <x>245</x>
      <y>71</y>
      <width>166</width>
      <height>33</height>
      <type>BUTTON</type>
   </graphicalElement>
   <graphicalElement>
      <x>418</x>
      <y>71</y>
      <width>121</width>
      <height>33</height>
      <type>BUTTON</type>
   </graphicalElement>
   <graphicalElement>
      <x>899</x>
      <y>79</y>
      <width>50</width>
      <height>25</height>
      <type>BUTTON</type>
   </graphicalElement>
   <graphicalElement>
      <x>949</x>
      <y>79</y>
      <width>56</width>
      <height>25</height>
      <type>BUTTON</type>
   </graphicalElement>
   <graphicalElement>
      <x>16</x>
      <y>85</y>
      <width>41</width>
      <height>27</height>
      <type>BUTTON</type>
   </graphicalElement>
   <graphicalElement>
      <x>70</x>
      <y>85</y>
      <width>99</width>
      <height>27</height>
      <type>BUTTON</type>
   </graphicalElement>
   <graphicalElement>
      <x>179</x>
      <y>85</y>
      <width>42</width>
      <height>27</height>
      <type>BUTTON</type>
   </graphicalElement>
   <graphicalElement>
      <x>6</x>
      <y>119</y>
      <width>71</width>
      <height>39</height>
      <type>CHART</type>
   </graphicalElement>
   <graphicalElement>
      <x>80</x>
      <y>119</y>
      <width>79</width>
      <height>38</height>
      <type>CHART</type>
   </graphicalElement>
   <graphicalElement>
      <x>163</x>
      <y>119</y>
      <width>68</width>
      <height>38</height>
      <type>CHART</type>
   </graphicalElement>
   <graphicalElement>
      <x>6</x>
      <y>164</y>
      <width>73</width>
      <height>19</height>
      <type>BUTTON</type>
   </graphicalElement>
   <graphicalElement>
      <x>85</x>
      <y>164</y>
      <width>69</width>
      <height>19</height>
      <type>BUTTON</type>
   </graphicalElement>
   <graphicalElement>
      <x>161</x>
      <y>164</y>
      <width>71</width>
      <height>19</height>
      <type>BUTTON</type>
   </graphicalElement>
   <graphicalElement>
      <x>6</x>
      <y>188</y>
      <width>226</width>
      <height>95</height>
      <type>CHART</type>
   </graphicalElement>
   <graphicalElement>
      <x>6</x>
      <y>288</y>
      <width>225</width>
      <height>123</height>
      <type>CHART</type>
   </graphicalElement>
   <graphicalElement>
      <x>6</x>
      <y>416</y>
      <width>225</width>
      <height>108</height>
      <type>CHART</type>
   </graphicalElement>
   <graphicalElement>
      <x>6</x>
      <y>531</y>
      <width>226</width>
      <height>79</height>
      <type>CHART</type>
   </graphicalElement>
   <graphicalElement>
      <x>245</x>
      <y>119</y>
      <width>378</width>
      <height>157</height>
      <type>CHART</type>
   </graphicalElement>
   <graphicalElement>
      <x>628</x>
      <y>119</y>
      <width>372</width>
      <height>157</height>
      <type>CHART</type>
   </graphicalElement>
   <graphicalElement>
      <x>245</x>
      <y>283</y>
      <width>755</width>
      <height>171</height>
      <type>CHART</type>
   </graphicalElement>
   <graphicalElement>
      <x>245</x>
      <y>461</y>
      <width>378</width>
      <height>149</height>
      <type>CHART</type>
   </graphicalElement>
   <graphicalElement>
      <x>625</x>
      <y>461</y>
      <width>375</width>
      <height>149</height>
      <type>CHART</type>
   </graphicalElement>
   <graphicalElement>
      <x>0</x>
      <y>631</y>
      <width>1005</width>
      <height>39</height>
      <type>HEADER</type>
   </graphicalElement>
</dashboard>