<dashboard>
   <x>0</x>
   <y>0</y>
   <width>840</width>
   <height>593</height>
   <type>CHART</type>
   <graphicalElement>
      <x>0</x>
      <y>0</y>
      <width>840</width>
      <height>12</height>
      <type>TOOLBAR</type>
   </graphicalElement>
   <graphicalElement>
      <x>0</x>
      <y>12</y>
      <width>173</width>
      <height>55</height>
      <type>HEADER</type>
   </graphicalElement>
   <graphicalElement>
      <x>173</x>
      <y>12</y>
      <width>667</width>
      <height>55</height>
      <type>TOOLBAR</type>
   </graphicalElement>
   <graphicalElement>
      <x>8</x>
      <y>74</y>
      <width>133</width>
      <height>17</height>
      <type>LABEL</type>
   </graphicalElement>
   <graphicalElement>
      <x>765</x>
      <y>74</y>
      <width>69</width>
      <height>22</height>
      <type>BUTTON</type>
   </graphicalElement>
   <graphicalElement>
      <x>9</x>
      <y>105</y>
      <width>403</width>
      <height>240</height>
      <type>CHART</type>
   </graphicalElement>
   <graphicalElement>
      <x>420</x>
      <y>105</y>
      <width>404</width>
      <height>240</height>
      <type>CHART</type>
   </graphicalElement>
   <graphicalElement>
      <x>8</x>
      <y>351</y>
      <width>404</width>
      <height>239</height>
      <type>CHART</type>
   </graphicalElement>
   <graphicalElement>
      <x>420</x>
      <y>351</y>
      <width>404</width>
      <height>239</height>
      <type>CHART</type>
   </graphicalElement>
</dashboard>