<dashboard>
   <x>0</x>
   <y>0</y>
   <width>1255</width>
   <height>805</height>
   <type>CHART</type>
   <graphicalElement>
      <x>0</x>
      <y>0</y>
      <width>1255</width>
      <height>28</height>
      <type>TOOLBAR</type>
   </graphicalElement>
   <graphicalElement>
      <x>15</x>
      <y>38</y>
      <width>1217</width>
      <height>49</height>
      <type>HEADER</type>
   </graphicalElement>
   <graphicalElement>
      <x>902</x>
      <y>93</y>
      <width>330</width>
      <height>695</height>
      <type>CHART</type>
   </graphicalElement>
   <graphicalElement>
      <x>15</x>
      <y>115</y>
      <width>881</width>
      <height>673</height>
      <type>CHART</type>
   </graphicalElement>
   <graphicalElement>
      <x>15</x>
      <y>93</y>
      <width>163</width>
      <height>22</height>
      <type>TOOLBAR</type>
   </graphicalElement>
</dashboard>
