<dashboard>
   <x>0</x>
   <y>0</y>
   <width>1011</width>
   <height>728</height>
   <type>CHART</type>
   <graphicalElement>
      <x>5</x>
      <y>2</y>
      <width>152</width>
      <height>27</height>
      <type>HEADER</type>
   </graphicalElement>
   <graphicalElement>
      <x>401</x>
      <y>13</y>
      <width>145</width>
      <height>16</height>
      <type>LABEL</type>
   </graphicalElement>
   <graphicalElement>
      <x>662</x>
      <y>13</y>
      <width>188</width>
      <height>16</height>
      <type>LABEL</type>
   </graphicalElement>
   <graphicalElement>
      <x>5</x>
      <y>34</y>
      <width>581</width>
      <height>235</height>
      <type>CHART</type>
   </graphicalElement>
   <graphicalElement>
      <x>590</x>
      <y>34</y>
      <width>416</width>
      <height>235</height>
      <type>CHART</type>
   </graphicalElement>
   <graphicalElement>
      <x>5</x>
      <y>274</y>
      <width>581</width>
      <height>232</height>
      <type>CHART</type>
   </graphicalElement>
   <graphicalElement>
      <x>590</x>
      <y>274</y>
      <width>412</width>
      <height>232</height>
      <type>CHART</type>
   </graphicalElement>
   <graphicalElement>
      <x>5</x>
      <y>511</y>
      <width>997</width>
      <height>213</height>
      <type>CHART</type>
   </graphicalElement>
</dashboard>