<dashboard>
   <x>0</x>
   <y>0</y>
   <width>573</width>
   <height>370</height>
   <type>CHART</type>
   <graphicalElement>
      <x>5</x>
      <y>43</y>
      <width>124</width>
      <height>327</height>
      <type>TOOLBAR</type>
   </graphicalElement>
   <graphicalElement>
      <x>129</x>
      <y>3</y>
      <width>440</width>
      <height>40</height>
      <type>TOOLBAR</type>
   </graphicalElement>
   <graphicalElement>
      <x>5</x>
      <y>3</y>
      <width>124</width>
      <height>40</height>
      <type>HEADER</type>
   </graphicalElement>
   <graphicalElement>
      <x>134</x>
      <y>55</y>
      <width>429</width>
      <height>21</height>
      <type>CHART</type>
   </graphicalElement>
   <graphicalElement>
      <x>134</x>
      <y>87</y>
      <width>429</width>
      <height>79</height>
      <type>CHART</type>
   </graphicalElement>
   <graphicalElement>
      <x>134</x>
      <y>166</y>
      <width>429</width>
      <height>204</height>
      <type>CHART</type>
   </graphicalElement>
</dashboard>