<dashboard>
   <x>0</x>
   <y>0</y>
   <width>1347</width>
   <height>879</height>
   <type>CHART</type>
   <graphicalElement>
      <x>0</x>
      <y>545</y>
      <width>400</width>
      <height>334</height>
      <type>CHART</type>
   </graphicalElement>
   <graphicalElement>
      <x>0</x>
      <y>403</y>
      <width>400</width>
      <height>142</height>
      <type>CHART</type>
   </graphicalElement>
   <graphicalElement>
      <x>0</x>
      <y>260</y>
      <width>400</width>
      <height>138</height>
      <type>CHART</type>
   </graphicalElement>
   <graphicalElement>
      <x>0</x>
      <y>116</y>
      <width>400</width>
      <height>138</height>
      <type>CHART</type>
   </graphicalElement>
   <graphicalElement>
      <x>0</x>
      <y>3</y>
      <width>400</width>
      <height>108</height>
      <type>LABEL</type>
   </graphicalElement>
   <graphicalElement>
      <x>405</x>
      <y>3</y>
      <width>539</width>
      <height>289</height>
      <type>CHART</type>
   </graphicalElement>
   <graphicalElement>
      <x>405</x>
      <y>297</y>
      <width>539</width>
      <height>285</height>
      <type>CHART</type>
   </graphicalElement>
   <graphicalElement>
      <x>405</x>
      <y>589</y>
      <width>539</width>
      <height>290</height>
      <type>CHART</type>
   </graphicalElement>
   <graphicalElement>
      <x>949</x>
      <y>537</y>
      <width>398</width>
      <height>342</height>
      <type>CHART</type>
   </graphicalElement>
   <graphicalElement>
      <x>949</x>
      <y>220</y>
      <width>398</width>
      <height>313</height>
      <type>CHART</type>
   </graphicalElement>
   <graphicalElement>
      <x>949</x>
      <y>3</y>
      <width>398</width>
      <height>214</height>
      <type>CHART</type>
   </graphicalElement>
</dashboard>