<dashboard>
   <x>0</x>
   <y>0</y>
   <width>600</width>
   <height>457</height>
   <type>CHART</type>
   <graphicalElement>
      <x>0</x>
      <y>0</y>
      <width>273</width>
      <height>36</height>
      <type>LABEL</type>
   </graphicalElement>
   <graphicalElement>
      <x>20</x>
      <y>50</y>
      <width>194</width>
      <height>144</height>
      <type>CHART</type>
   </graphicalElement>
   <graphicalElement>
      <x>214</x>
      <y>50</y>
      <width>192</width>
      <height>144</height>
      <type>CHART</type>
   </graphicalElement>
   <graphicalElement>
      <x>406</x>
      <y>50</y>
      <width>194</width>
      <height>144</height>
      <type>CHART</type>
   </graphicalElement>
   <graphicalElement>
      <x>20</x>
      <y>194</y>
      <width>194</width>
      <height>144</height>
      <type>CHART</type>
   </graphicalElement>
   <graphicalElement>
      <x>214</x>
      <y>194</y>
      <width>192</width>
      <height>144</height>
      <type>CHART</type>
   </graphicalElement>
   <graphicalElement>
      <x>406</x>
      <y>194</y>
      <width>194</width>
      <height>144</height>
      <type>CHART</type>
   </graphicalElement>
   <graphicalElement>
      <x>20</x>
      <y>338</y>
      <width>194</width>
      <height>119</height>
      <type>CHART</type>
   </graphicalElement>
   <graphicalElement>
      <x>214</x>
      <y>338</y>
      <width>192</width>
      <height>119</height>
      <type>CHART</type>
   </graphicalElement>
   <graphicalElement>
      <x>406</x>
      <y>338</y>
      <width>194</width>
      <height>119</height>
      <type>CHART</type>
   </graphicalElement>
   <graphicalElement>
      <x>406</x>
      <y>36</y>
      <width>194</width>
      <height>14</height>
      <type>LABEL</type>
   </graphicalElement>
   <graphicalElement>
      <x>214</x>
      <y>36</y>
      <width>192</width>
      <height>14</height>
      <type>LABEL</type>
   </graphicalElement>
   <graphicalElement>
      <x>20</x>
      <y>36</y>
      <width>194</width>
      <height>14</height>
      <type>LABEL</type>
   </graphicalElement>
   <graphicalElement>
      <x>0</x>
      <y>50</y>
      <width>20</width>
      <height>144</height>
      <type>LABEL</type>
   </graphicalElement>
   <graphicalElement>
      <x>0</x>
      <y>194</y>
      <width>20</width>
      <height>144</height>
      <type>LABEL</type>
   </graphicalElement>
   <graphicalElement>
      <x>0</x>
      <y>338</y>
      <width>20</width>
      <height>119</height>
      <type>LABEL</type>
   </graphicalElement>
</dashboard>