<dashboard>
   <x>0</x>
   <y>0</y>
   <width>1217</width>
   <height>627</height>
   <type>CHART</type>
   <graphicalElement>
      <x>488</x>
      <y>15</y>
      <width>369</width>
      <height>51</height>
      <type>LABEL</type>
   </graphicalElement>
   <graphicalElement>
      <x>7</x>
      <y>134</y>
      <width>117</width>
      <height>218</height>
      <type>TOOLBAR</type>
   </graphicalElement>
   <graphicalElement>
      <x>131</x>
      <y>112</y>
      <width>659</width>
      <height>257</height>
      <type>CHART</type>
   </graphicalElement>
   <graphicalElement>
      <x>279</x>
      <y>96</y>
      <width>412</width>
      <height>16</height>
      <type>LABEL</type>
   </graphicalElement>
   <graphicalElement>
      <x>96</x>
      <y>404</y>
      <width>246</width>
      <height>211</height>
      <type>CHART</type>
   </graphicalElement>
   <graphicalElement>
      <x>124</x>
      <y>387</y>
      <width>201</width>
      <height>17</height>
      <type>LABEL</type>
   </graphicalElement>
   <graphicalElement>
      <x>15</x>
      <y>112</y>
      <width>104</width>
      <height>22</height>
      <type>LABEL</type>
   </graphicalElement>
   <graphicalElement>
      <x>362</x>
      <y>404</y>
      <width>573</width>
      <height>211</height>
      <type>CHART</type>
   </graphicalElement>
   <graphicalElement>
      <x>428</x>
      <y>387</y>
      <width>416</width>
      <height>17</height>
      <type>LABEL</type>
   </graphicalElement>
   <graphicalElement>
      <x>810</x>
      <y>112</y>
      <width>374</width>
      <height>257</height>
      <type>CHART</type>
   </graphicalElement>
   <graphicalElement>
      <x>852</x>
      <y>96</y>
      <width>280</width>
      <height>16</height>
      <type>LABEL</type>
   </graphicalElement>
   <graphicalElement>
      <x>961</x>
      <y>404</y>
      <width>232</width>
      <height>203</height>
      <type>CHART</type>
   </graphicalElement>
   <graphicalElement>
      <x>961</x>
      <y>387</y>
      <width>223</width>
      <height>17</height>
      <type>LABEL</type>
   </graphicalElement>
</dashboard>