<dashboard>
   <x>0</x>
   <y>0</y>
   <width>680</width>
   <height>501</height>
   <type>CHART</type>
   <graphicalElement>
      <x>5</x>
      <y>4</y>
      <width>670</width>
      <height>32</height>
      <type>HEADER</type>
   </graphicalElement>
   <graphicalElement>
      <x>5</x>
      <y>41</y>
      <width>670</width>
      <height>26</height>
      <type>TOOLBAR</type>
   </graphicalElement>
   <graphicalElement>
      <x>379</x>
      <y>70</y>
      <width>292</width>
      <height>188</height>
      <type>CHART</type>
   </graphicalElement>
   <graphicalElement>
      <x>379</x>
      <y>262</y>
      <width>292</width>
      <height>233</height>
      <type>CHART</type>
   </graphicalElement>
   <graphicalElement>
      <x>8</x>
      <y>70</y>
      <width>366</width>
      <height>425</height>
      <type>CHART</type>
   </graphicalElement>
</dashboard>