<dashboard>
   <x>0</x>
   <y>0</y>
   <width>700</width>
   <height>452</height>
   <type>CHART</type>
   <graphicalElement>
      <x>0</x>
      <y>34</y>
      <width>350</width>
      <height>25</height>
      <type>BUTTON</type>
   </graphicalElement>
   <graphicalElement>
      <x>356</x>
      <y>34</y>
      <width>109</width>
      <height>22</height>
      <type>BUTTON</type>
   </graphicalElement>
   <graphicalElement>
      <x>7</x>
      <y>23</y>
      <width>54</width>
      <height>11</height>
      <type>LABEL</type>
   </graphicalElement>
   <graphicalElement>
      <x>356</x>
      <y>23</y>
      <width>50</width>
      <height>11</height>
      <type>LABEL</type>
   </graphicalElement>
   <graphicalElement>
      <x>520</x>
      <y>6</y>
      <width>173</width>
      <height>63</height>
      <type>LABEL</type>
   </graphicalElement>
   <graphicalElement>
      <x>7</x>
      <y>83</y>
      <width>377</width>
      <height>109</height>
      <type>CHART</type>
   </graphicalElement>
   <graphicalElement>
      <x>7</x>
      <y>199</y>
      <width>377</width>
      <height>109</height>
      <type>CHART</type>
   </graphicalElement>
   <graphicalElement>
      <x>7</x>
      <y>317</y>
      <width>377</width>
      <height>109</height>
      <type>CHART</type>
   </graphicalElement>
   <graphicalElement>
      <x>389</x>
      <y>83</y>
      <width>157</width>
      <height>147</height>
      <type>CHART</type>
   </graphicalElement>
   <graphicalElement>
      <x>389</x>
      <y>238</y>
      <width>157</width>
      <height>188</height>
      <type>CHART</type>
   </graphicalElement>
   <graphicalElement>
      <x>552</x>
      <y>83</y>
      <width>135</width>
      <height>343</height>
      <type>CHART</type>
   </graphicalElement>
   <graphicalElement>
      <x>0</x>
      <y>436</y>
      <width>700</width>
      <height>16</height>
      <type>HEADER</type>
   </graphicalElement>
</dashboard>