<dashboard>
   <x>0</x>
   <y>0</y>
   <width>1255</width>
   <height>721</height>
   <type>CHART</type>
   <graphicalElement>
      <x>21</x>
      <y>19</y>
      <width>263</width>
      <height>691</height>
      <type>CHART</type>
   </graphicalElement>
   <graphicalElement>
      <x>290</x>
      <y>19</y>
      <width>471</width>
      <height>339</height>
      <type>CHART</type>
   </graphicalElement>
   <graphicalElement>
      <x>769</x>
      <y>19</y>
      <width>468</width>
      <height>339</height>
      <type>CHART</type>
   </graphicalElement>
   <graphicalElement>
      <x>290</x>
      <y>365</y>
      <width>471</width>
      <height>345</height>
      <type>CHART</type>
   </graphicalElement>
   <graphicalElement>
      <x>769</x>
      <y>365</y>
      <width>468</width>
      <height>345</height>
      <type>CHART</type>
   </graphicalElement>
</dashboard>