<dashboard>
   <x>0</x>
   <y>0</y>
   <width>922</width>
   <height>626</height>
   <type>CHART</type>
   <graphicalElement>
      <x>20</x>
      <y>332</y>
      <width>573</width>
      <height>277</height>
      <type>CHART</type>
   </graphicalElement>
   <graphicalElement>
      <x>602</x>
      <y>315</y>
      <width>300</width>
      <height>294</height>
      <type>CHART</type>
   </graphicalElement>
   <graphicalElement>
      <x>602</x>
      <y>88</y>
      <width>300</width>
      <height>216</height>
      <type>CHART</type>
   </graphicalElement>
   <graphicalElement>
      <x>20</x>
      <y>88</y>
      <width>573</width>
      <height>232</height>
      <type>CHART</type>
   </graphicalElement>
   <graphicalElement>
      <x>20</x>
      <y>53</y>
      <width>100</width>
      <height>28</height>
      <type>TOOLBAR</type>
   </graphicalElement>
   <graphicalElement>
      <x>20</x>
      <y>2</y>
      <width>165</width>
      <height>40</height>
      <type>TOOLBAR</type>
   </graphicalElement>
   <graphicalElement>
      <x>129</x>
      <y>53</y>
      <width>73</width>
      <height>28</height>
      <type>BUTTON</type>
   </graphicalElement>
</dashboard>