<dashboard>
   <x>0</x>
   <y>0</y>
   <width>1024</width>
   <height>552</height>
   <type>CHART</type>
   <graphicalElement>
      <x>5</x>
      <y>2</y>
      <width>244</width>
      <height>175</height>
      <type>CHART</type>
   </graphicalElement>
   <graphicalElement>
      <x>252</x>
      <y>2</y>
      <width>244</width>
      <height>175</height>
      <type>CHART</type>
   </graphicalElement>
   <graphicalElement>
      <x>498</x>
      <y>2</y>
      <width>244</width>
      <height>175</height>
      <type>CHART</type>
   </graphicalElement>
   <graphicalElement>
      <x>746</x>
      <y>2</y>
      <width>244</width>
      <height>175</height>
      <type>CHART</type>
   </graphicalElement>
   <graphicalElement>
      <x>5</x>
      <y>184</y>
      <width>491</width>
      <height>359</height>
      <type>CHART</type>
   </graphicalElement>
   <graphicalElement>
      <x>498</x>
      <y>184</y>
      <width>492</width>
      <height>359</height>
      <type>CHART</type>
   </graphicalElement>
</dashboard>