<dashboard>
   <x>0</x>
   <y>0</y>
   <width>1091</width>
   <height>974</height>
   <type>CHART</type>
   <graphicalElement>
      <x>6</x>
      <y>3</y>
      <width>1079</width>
      <height>31</height>
      <type>HEADER</type>
   </graphicalElement>
   <graphicalElement>
      <x>52</x>
      <y>201</y>
      <width>294</width>
      <height>360</height>
      <type>CHART</type>
   </graphicalElement>
   <graphicalElement>
      <x>52</x>
      <y>61</y>
      <width>294</width>
      <height>119</height>
      <type>CHART</type>
   </graphicalElement>
   <graphicalElement>
      <x>121</x>
      <y>34</y>
      <width>151</width>
      <height>27</height>
      <type>LABEL</type>
   </graphicalElement>
   <graphicalElement>
      <x>417</x>
      <y>34</y>
      <width>188</width>
      <height>27</height>
      <type>LABEL</type>
   </graphicalElement>
   <graphicalElement>
      <x>365</x>
      <y>61</y>
      <width>293</width>
      <height>119</height>
      <type>CHART</type>
   </graphicalElement>
   <graphicalElement>
      <x>365</x>
      <y>201</y>
      <width>242</width>
      <height>97</height>
      <type>CHART</type>
   </graphicalElement>
   <graphicalElement>
      <x>621</x>
      <y>201</y>
      <width>397</width>
      <height>121</height>
      <type>CHART</type>
   </graphicalElement>
   <graphicalElement>
      <x>365</x>
      <y>322</y>
      <width>242</width>
      <height>94</height>
      <type>CHART</type>
   </graphicalElement>
   <graphicalElement>
      <x>441</x>
      <y>303</y>
      <width>91</width>
      <height>19</height>
      <type>LABEL</type>
   </graphicalElement>
   <graphicalElement>
      <x>436</x>
      <y>180</y>
      <width>102</width>
      <height>21</height>
      <type>LABEL</type>
   </graphicalElement>
   <graphicalElement>
      <x>718</x>
      <y>180</y>
      <width>200</width>
      <height>22</height>
      <type>LABEL</type>
   </graphicalElement>
   <graphicalElement>
      <x>622</x>
      <y>365</y>
      <width>396</width>
      <height>203</height>
      <type>CHART</type>
   </graphicalElement>
   <graphicalElement>
      <x>739</x>
      <y>347</y>
      <width>158</width>
      <height>18</height>
      <type>LABEL</type>
   </graphicalElement>
   <graphicalElement>
      <x>365</x>
      <y>448</y>
      <width>242</width>
      <height>120</height>
      <type>CHART</type>
   </graphicalElement>
   <graphicalElement>
      <x>411</x>
      <y>425</y>
      <width>149</width>
      <height>23</height>
      <type>LABEL</type>
   </graphicalElement>
   <graphicalElement>
      <x>44</x>
      <y>582</y>
      <width>974</width>
      <height>221</height>
      <type>CHART</type>
   </graphicalElement>
   <graphicalElement>
      <x>44</x>
      <y>824</y>
      <width>980</width>
      <height>118</height>
      <type>CHART</type>
   </graphicalElement>
   <graphicalElement>
      <x>476</x>
      <y>803</y>
      <width>113</width>
      <height>21</height>
      <type>LABEL</type>
   </graphicalElement>
   <graphicalElement>
      <x>669</x>
      <y>80</y>
      <width>316</width>
      <height>22</height>
      <type>CHART</type>
   </graphicalElement>
   <graphicalElement>
      <x>774</x>
      <y>109</y>
      <width>260</width>
      <height>18</height>
      <type>CHART</type>
   </graphicalElement>
   <graphicalElement>
      <x>945</x>
      <y>47</y>
      <width>119</width>
      <height>25</height>
      <type>CHART</type>
   </graphicalElement>
</dashboard>