<dashboard>
   <x>0</x>
   <y>0</y>
   <width>1279</width>
   <height>768</height>
   <type>CHART</type>
   <graphicalElement>
      <x>0</x>
      <y>0</y>
      <width>1279</width>
      <height>50</height>
      <type>HEADER</type>
   </graphicalElement>
   <graphicalElement>
      <x>6</x>
      <y>58</y>
      <width>627</width>
      <height>524</height>
      <type>CHART</type>
   </graphicalElement>
   <graphicalElement>
      <x>647</x>
      <y>58</y>
      <width>198</width>
      <height>345</height>
      <type>CHART</type>
   </graphicalElement>
   <graphicalElement>
      <x>859</x>
      <y>58</y>
      <width>412</width>
      <height>345</height>
      <type>CHART</type>
   </graphicalElement>
   <graphicalElement>
      <x>647</x>
      <y>415</y>
      <width>198</width>
      <height>345</height>
      <type>CHART</type>
   </graphicalElement>
   <graphicalElement>
      <x>859</x>
      <y>415</y>
      <width>412</width>
      <height>345</height>
      <type>CHART</type>
   </graphicalElement>
   <graphicalElement>
      <x>433</x>
      <y>596</y>
      <width>200</width>
      <height>164</height>
      <type>CHART</type>
   </graphicalElement>
   <graphicalElement>
      <x>221</x>
      <y>596</y>
      <width>197</width>
      <height>164</height>
      <type>CHART</type>
   </graphicalElement>
   <graphicalElement>
      <x>6</x>
      <y>596</y>
      <width>201</width>
      <height>164</height>
      <type>CHART</type>
   </graphicalElement>
</dashboard>