<dashboard>
   <x>0</x>
   <y>0</y>
   <width>1585</width>
   <height>1036</height>
   <type>CHART</type>
   <graphicalElement>
      <x>72</x>
      <y>248</y>
      <width>618</width>
      <height>338</height>
      <type>CHART</type>
   </graphicalElement>
   <graphicalElement>
      <x>62</x>
      <y>676</y>
      <width>628</width>
      <height>312</height>
      <type>CHART</type>
   </graphicalElement>
   <graphicalElement>
      <x>0</x>
      <y>0</y>
      <width>1585</width>
      <height>68</height>
      <type>HEADER</type>
   </graphicalElement>
   <graphicalElement>
      <x>18</x>
      <y>68</y>
      <width>1558</width>
      <height>50</height>
      <type>TOOLBAR</type>
   </graphicalElement>
   <graphicalElement>
      <x>78</x>
      <y>628</y>
      <width>568</width>
      <height>42</height>
      <type>LABEL</type>
   </graphicalElement>
   <graphicalElement>
      <x>78</x>
      <y>196</y>
      <width>568</width>
      <height>40</height>
      <type>LABEL</type>
   </graphicalElement>
   <graphicalElement>
      <x>780</x>
      <y>196</y>
      <width>310</width>
      <height>40</height>
      <type>LABEL</type>
   </graphicalElement>
   <graphicalElement>
      <x>1124</x>
      <y>196</y>
      <width>414</width>
      <height>40</height>
      <type>LABEL</type>
   </graphicalElement>
   <graphicalElement>
      <x>780</x>
      <y>628</y>
      <width>310</width>
      <height>42</height>
      <type>LABEL</type>
   </graphicalElement>
   <graphicalElement>
      <x>1124</x>
      <y>628</y>
      <width>414</width>
      <height>42</height>
      <type>LABEL</type>
   </graphicalElement>
   <graphicalElement>
      <x>780</x>
      <y>248</y>
      <width>292</width>
      <height>350</height>
      <type>CHART</type>
   </graphicalElement>
   <graphicalElement>
      <x>1118</x>
      <y>258</y>
      <width>420</width>
      <height>322</height>
      <type>CHART</type>
   </graphicalElement>
   <graphicalElement>
      <x>780</x>
      <y>676</y>
      <width>310</width>
      <height>312</height>
      <type>CHART</type>
   </graphicalElement>
   <graphicalElement>
      <x>1138</x>
      <y>670</y>
      <width>378</width>
      <height>328</height>
      <type>CHART</type>
   </graphicalElement>
   <graphicalElement>
      <x>54</x>
      <y>154</y>
      <width>136</width>
      <height>26</height>
      <type>LABEL</type>
   </graphicalElement>
</dashboard>