<dashboard>
   <x>0</x>
   <y>0</y>
   <width>800</width>
   <height>625</height>
   <type>CHART</type>
   <graphicalElement>
      <x>5</x>
      <y>115</y>
      <width>453</width>
      <height>499</height>
      <type>CHART</type>
   </graphicalElement>
   <graphicalElement>
      <x>241</x>
      <y>115</y>
      <width>168</width>
      <height>196</height>
      <type>CHART</type>
   </graphicalElement>
   <graphicalElement>
      <x>419</x>
      <y>115</y>
      <width>168</width>
      <height>196</height>
      <type>CHART</type>
   </graphicalElement>
   <graphicalElement>
      <x>598</x>
      <y>115</y>
      <width>170</width>
      <height>196</height>
      <type>CHART</type>
   </graphicalElement>
   <graphicalElement>
      <x>511</x>
      <y>342</y>
      <width>269</width>
      <height>165</height>
      <type>CHART</type>
   </graphicalElement>
   <graphicalElement>
      <x>606</x>
      <y>592</y>
      <width>180</width>
      <height>22</height>
      <type>LABEL</type>
   </graphicalElement>
   <graphicalElement>
      <x>0</x>
      <y>0</y>
      <width>800</width>
      <height>81</height>
      <type>HEADER</type>
   </graphicalElement>
   <graphicalElement>
      <x>0</x>
      <y>81</y>
      <width>800</width>
      <height>29</height>
      <type>TOOLBAR</type>
   </graphicalElement>
</dashboard>