<dashboard>
   <x>0</x>
   <y>0</y>
   <width>1353</width>
   <height>957</height>
   <type>CHART</type>
   <graphicalElement>
      <x>1136</x>
      <y>0</y>
      <width>217</width>
      <height>957</height>
      <type>TOOLBAR</type>
   </graphicalElement>
   <graphicalElement>
      <x>1002</x>
      <y>18</y>
      <width>40</width>
      <height>38</height>
      <type>CHART</type>
   </graphicalElement>
   <graphicalElement>
      <x>1066</x>
      <y>18</y>
      <width>38</width>
      <height>38</height>
      <type>CHART</type>
   </graphicalElement>
   <graphicalElement>
      <x>66</x>
      <y>30</y>
      <width>29</width>
      <height>26</height>
      <type>DECORATION</type>
   </graphicalElement>
   <graphicalElement>
      <x>115</x>
      <y>30</y>
      <width>329</width>
      <height>26</height>
      <type>LABEL</type>
   </graphicalElement>
   <graphicalElement>
      <x>66</x>
      <y>90</y>
      <width>569</width>
      <height>278</height>
      <type>CHART</type>
   </graphicalElement>
   <graphicalElement>
      <x>635</x>
      <y>90</y>
      <width>436</width>
      <height>278</height>
      <type>CHART</type>
   </graphicalElement>
   <graphicalElement>
      <x>66</x>
      <y>377</y>
      <width>1005</width>
      <height>283</height>
      <type>CHART</type>
   </graphicalElement>
   <graphicalElement>
      <x>14</x>
      <y>446</y>
      <width>52</width>
      <height>214</height>
      <type>BUTTON</type>
   </graphicalElement>
   <graphicalElement>
      <x>66</x>
      <y>669</y>
      <width>1005</width>
      <height>283</height>
      <type>CHART</type>
   </graphicalElement>
   <graphicalElement>
      <x>1071</x>
      <y>737</y>
      <width>51</width>
      <height>215</height>
      <type>BUTTON</type>
   </graphicalElement>
   <graphicalElement>
      <x>14</x>
      <y>737</y>
      <width>52</width>
      <height>215</height>
      <type>BUTTON</type>
   </graphicalElement>
</dashboard>