<dashboard>
   <x>0</x>
   <y>0</y>
   <width>1332</width>
   <height>811</height>
   <type>CHART</type>
   <graphicalElement>
      <x>2</x>
      <y>1</y>
      <width>135</width>
      <height>137</height>
      <type>CHART</type>
   </graphicalElement>
   <graphicalElement>
      <x>144</x>
      <y>1</y>
      <width>293</width>
      <height>137</height>
      <type>CHART</type>
   </graphicalElement>
   <graphicalElement>
      <x>444</x>
      <y>1</y>
      <width>145</width>
      <height>286</height>
      <type>CHART</type>
   </graphicalElement>
   <graphicalElement>
      <x>595</x>
      <y>67</y>
      <width>145</width>
      <height>220</height>
      <type>CHART</type>
   </graphicalElement>
   <graphicalElement>
      <x>595</x>
      <y>1</y>
      <width>291</width>
      <height>60</height>
      <type>CHART</type>
   </graphicalElement>
   <graphicalElement>
      <x>894</x>
      <y>1</y>
      <width>296</width>
      <height>60</height>
      <type>CHART</type>
   </graphicalElement>
   <graphicalElement>
      <x>745</x>
      <y>67</y>
      <width>141</width>
      <height>71</height>
      <type>CHART</type>
   </graphicalElement>
   <graphicalElement>
      <x>745</x>
      <y>144</y>
      <width>141</width>
      <height>143</height>
      <type>CHART</type>
   </graphicalElement>
   <graphicalElement>
      <x>894</x>
      <y>144</y>
      <width>142</width>
      <height>143</height>
      <type>CHART</type>
   </graphicalElement>
   <graphicalElement>
      <x>894</x>
      <y>67</y>
      <width>296</width>
      <height>71</height>
      <type>CHART</type>
   </graphicalElement>
   <graphicalElement>
      <x>745</x>
      <y>294</y>
      <width>291</width>
      <height>70</height>
      <type>CHART</type>
   </graphicalElement>
   <graphicalElement>
      <x>669</x>
      <y>294</y>
      <width>71</width>
      <height>219</height>
      <type>CHART</type>
   </graphicalElement>
   <graphicalElement>
      <x>595</x>
      <y>294</y>
      <width>68</width>
      <height>70</height>
      <type>CHART</type>
   </graphicalElement>
   <graphicalElement>
      <x>595</x>
      <y>369</y>
      <width>68</width>
      <height>144</height>
      <type>CHART</type>
   </graphicalElement>
   <graphicalElement>
      <x>519</x>
      <y>443</y>
      <width>70</width>
      <height>70</height>
      <type>CHART</type>
   </graphicalElement>
   <graphicalElement>
      <x>370</x>
      <y>294</y>
      <width>219</width>
      <height>144</height>
      <type>CHART</type>
   </graphicalElement>
   <graphicalElement>
      <x>786</x>
      <y>392</y>
      <width>131</width>
      <height>18</height>
      <type>CHART</type>
   </graphicalElement>
   <graphicalElement>
      <x>745</x>
      <y>443</y>
      <width>68</width>
      <height>144</height>
      <type>CHART</type>
   </graphicalElement>
   <graphicalElement>
      <x>968</x>
      <y>443</y>
      <width>68</width>
      <height>144</height>
      <type>CHART</type>
   </graphicalElement>
   <graphicalElement>
      <x>519</x>
      <y>518</y>
      <width>221</width>
      <height>145</height>
      <type>CHART</type>
   </graphicalElement>
   <graphicalElement>
      <x>370</x>
      <y>443</y>
      <width>143</width>
      <height>220</height>
      <type>CHART</type>
   </graphicalElement>
   <graphicalElement>
      <x>1043</x>
      <y>443</y>
      <width>222</width>
      <height>70</height>
      <type>CHART</type>
   </graphicalElement>
   <graphicalElement>
      <x>968</x>
      <y>369</y>
      <width>297</width>
      <height>69</height>
      <type>CHART</type>
   </graphicalElement>
   <graphicalElement>
      <x>968</x>
      <y>594</y>
      <width>68</width>
      <height>69</height>
      <type>CHART</type>
   </graphicalElement>
   <graphicalElement>
      <x>820</x>
      <y>443</y>
      <width>142</width>
      <height>220</height>
      <type>CHART</type>
   </graphicalElement>
   <graphicalElement>
      <x>745</x>
      <y>594</y>
      <width>68</width>
      <height>69</height>
      <type>CHART</type>
   </graphicalElement>
   <graphicalElement>
      <x>1271</x>
      <y>369</y>
      <width>59</width>
      <height>218</height>
      <type>CHART</type>
   </graphicalElement>
   <graphicalElement>
      <x>1043</x>
      <y>217</y>
      <width>287</width>
      <height>147</height>
      <type>CHART</type>
   </graphicalElement>
   <graphicalElement>
      <x>1043</x>
      <y>144</y>
      <width>222</width>
      <height>66</height>
      <type>CHART</type>
   </graphicalElement>
   <graphicalElement>
      <x>1271</x>
      <y>144</y>
      <width>61</width>
      <height>66</height>
      <type>CHART</type>
   </graphicalElement>
   <graphicalElement>
      <x>1195</x>
      <y>0</y>
      <width>137</width>
      <height>138</height>
      <type>CHART</type>
   </graphicalElement>
   <graphicalElement>
      <x>1043</x>
      <y>518</y>
      <width>222</width>
      <height>220</height>
      <type>CHART</type>
   </graphicalElement>
   <graphicalElement>
      <x>1271</x>
      <y>594</y>
      <width>61</width>
      <height>144</height>
      <type>CHART</type>
   </graphicalElement>
   <graphicalElement>
      <x>1043</x>
      <y>745</y>
      <width>289</width>
      <height>66</height>
      <type>CHART</type>
   </graphicalElement>
   <graphicalElement>
      <x>669</x>
      <y>670</y>
      <width>367</width>
      <height>141</height>
      <type>CHART</type>
   </graphicalElement>
   <graphicalElement>
      <x>519</x>
      <y>670</y>
      <width>144</width>
      <height>141</height>
      <type>CHART</type>
   </graphicalElement>
   <graphicalElement>
      <x>294</x>
      <y>745</y>
      <width>219</width>
      <height>66</height>
      <type>CHART</type>
   </graphicalElement>
   <graphicalElement>
      <x>144</x>
      <y>670</y>
      <width>369</width>
      <height>68</height>
      <type>CHART</type>
   </graphicalElement>
   <graphicalElement>
      <x>220</x>
      <y>518</y>
      <width>144</width>
      <height>145</height>
      <type>CHART</type>
   </graphicalElement>
   <graphicalElement>
      <x>220</x>
      <y>294</y>
      <width>144</width>
      <height>219</height>
      <type>CHART</type>
   </graphicalElement>
   <graphicalElement>
      <x>0</x>
      <y>745</y>
      <width>286</width>
      <height>66</height>
      <type>CHART</type>
   </graphicalElement>
   <graphicalElement>
      <x>144</x>
      <y>443</y>
      <width>68</width>
      <height>220</height>
      <type>CHART</type>
   </graphicalElement>
   <graphicalElement>
      <x>0</x>
      <y>443</y>
      <width>137</width>
      <height>295</height>
      <type>CHART</type>
   </graphicalElement>
   <graphicalElement>
      <x>0</x>
      <y>294</y>
      <width>212</width>
      <height>144</height>
      <type>CHART</type>
   </graphicalElement>
   <graphicalElement>
      <x>0</x>
      <y>144</y>
      <width>437</width>
      <height>143</height>
      <type>CHART</type>
   </graphicalElement>
</dashboard>