<dashboard>
   <x>0</x>
   <y>0</y>
   <width>650</width>
   <height>511</height>
   <type>CHART</type>
   <graphicalElement>
      <x>246</x>
      <y>12</y>
      <width>209</width>
      <height>17</height>
      <type>TOOLBAR</type>
   </graphicalElement>
   <graphicalElement>
      <x>6</x>
      <y>18</y>
      <width>127</width>
      <height>126</height>
      <type>CHART</type>
   </graphicalElement>
   <graphicalElement>
      <x>11</x>
      <y>79</y>
      <width>626</width>
      <height>215</height>
      <type>CHART</type>
   </graphicalElement>
   <graphicalElement>
      <x>464</x>
      <y>18</y>
      <width>173</width>
      <height>86</height>
      <type>CHART</type>
   </graphicalElement>
   <graphicalElement>
      <x>570</x>
      <y>6</y>
      <width>77</width>
      <height>23</height>
      <type>LABEL</type>
   </graphicalElement>
   <graphicalElement>
      <x>345</x>
      <y>316</y>
      <width>292</width>
      <height>174</height>
      <type>CHART</type>
   </graphicalElement>
   <graphicalElement>
      <x>22</x>
      <y>316</y>
      <width>291</width>
      <height>174</height>
      <type>CHART</type>
   </graphicalElement>
</dashboard>