<dashboard>
   <x>0</x>
   <y>0</y>
   <width>700</width>
   <height>623</height>
   <type>CHART</type>
   <graphicalElement>
      <x>0</x>
      <y>0</y>
      <width>133</width>
      <height>623</height>
      <type>TOOLBAR</type>
   </graphicalElement>
   <graphicalElement>
      <x>147</x>
      <y>7</y>
      <width>75</width>
      <height>28</height>
      <type>LABEL</type>
   </graphicalElement>
   <graphicalElement>
      <x>604</x>
      <y>7</y>
      <width>95</width>
      <height>34</height>
      <type>BUTTON</type>
   </graphicalElement>
   <graphicalElement>
      <x>142</x>
      <y>44</y>
      <width>278</width>
      <height>120</height>
      <type>CHART</type>
   </graphicalElement>
   <graphicalElement>
      <x>427</x>
      <y>44</y>
      <width>135</width>
      <height>57</height>
      <type>CHART</type>
   </graphicalElement>
   <graphicalElement>
      <x>571</x>
      <y>44</y>
      <width>126</width>
      <height>57</height>
      <type>CHART</type>
   </graphicalElement>
   <graphicalElement>
      <x>427</x>
      <y>109</y>
      <width>135</width>
      <height>55</height>
      <type>CHART</type>
   </graphicalElement>
   <graphicalElement>
      <x>571</x>
      <y>109</y>
      <width>126</width>
      <height>55</height>
      <type>CHART</type>
   </graphicalElement>
   <graphicalElement>
      <x>142</x>
      <y>173</y>
      <width>372</width>
      <height>123</height>
      <type>CHART</type>
   </graphicalElement>
   <graphicalElement>
      <x>521</x>
      <y>173</y>
      <width>176</width>
      <height>123</height>
      <type>CHART</type>
   </graphicalElement>
   <graphicalElement>
      <x>142</x>
      <y>305</y>
      <width>555</width>
      <height>47</height>
      <type>CHART</type>
   </graphicalElement>
   <graphicalElement>
      <x>142</x>
      <y>359</y>
      <width>555</width>
      <height>46</height>
      <type>CHART</type>
   </graphicalElement>
   <graphicalElement>
      <x>142</x>
      <y>413</y>
      <width>278</width>
      <height>146</height>
      <type>CHART</type>
   </graphicalElement>
   <graphicalElement>
      <x>427</x>
      <y>413</y>
      <width>270</width>
      <height>192</height>
      <type>CHART</type>
   </graphicalElement>
</dashboard>