<dashboard>
   <x>0</x>
   <y>0</y>
   <width>1197</width>
   <height>1257</height>
   <type>CHART</type>
   <graphicalElement>
      <x>0</x>
      <y>0</y>
      <width>1197</width>
      <height>40</height>
      <type>HEADER</type>
   </graphicalElement>
   <graphicalElement>
      <x>0</x>
      <y>40</y>
      <width>1197</width>
      <height>36</height>
      <type>TOOLBAR</type>
   </graphicalElement>
   <graphicalElement>
      <x>0</x>
      <y>76</y>
      <width>1197</width>
      <height>74</height>
      <type>CHART</type>
   </graphicalElement>
   <graphicalElement>
      <x>0</x>
      <y>150</y>
      <width>1197</width>
      <height>195</height>
      <type>CHART</type>
   </graphicalElement>
   <graphicalElement>
      <x>98</x>
      <y>345</y>
      <width>666</width>
      <height>264</height>
      <type>CHART</type>
   </graphicalElement>
   <graphicalElement>
      <x>782</x>
      <y>345</y>
      <width>298</width>
      <height>253</height>
      <type>CHART</type>
   </graphicalElement>
   <graphicalElement>
      <x>782</x>
      <y>598</y>
      <width>298</width>
      <height>306</height>
      <type>CHART</type>
   </graphicalElement>
   <graphicalElement>
      <x>98</x>
      <y>609</y>
      <width>666</width>
      <height>376</height>
      <type>CHART</type>
   </graphicalElement>
   <graphicalElement>
      <x>98</x>
      <y>985</y>
      <width>708</width>
      <height>245</height>
      <type>CHART</type>
   </graphicalElement>
</dashboard>