<dashboard>
   <x>0</x>
   <y>0</y>
   <width>1064</width>
   <height>1040</height>
   <type>CHART</type>
   <graphicalElement>
      <x>903</x>
      <y>351</y>
      <width>139</width>
      <height>47</height>
      <type>BUTTON</type>
   </graphicalElement>
   <graphicalElement>
      <x>0</x>
      <y>421</y>
      <width>418</width>
      <height>80</height>
      <type>CHART</type>
   </graphicalElement>
   <graphicalElement>
      <x>0</x>
      <y>501</y>
      <width>418</width>
      <height>79</height>
      <type>CHART</type>
   </graphicalElement>
   <graphicalElement>
      <x>0</x>
      <y>580</y>
      <width>418</width>
      <height>70</height>
      <type>CHART</type>
   </graphicalElement>
   <graphicalElement>
      <x>0</x>
      <y>650</y>
      <width>418</width>
      <height>79</height>
      <type>CHART</type>
   </graphicalElement>
   <graphicalElement>
      <x>0</x>
      <y>729</y>
      <width>418</width>
      <height>309</height>
      <type>CHART</type>
   </graphicalElement>
   <graphicalElement>
      <x>418</x>
      <y>724</y>
      <width>323</width>
      <height>314</height>
      <type>DECORATION</type>
   </graphicalElement>
   <graphicalElement>
      <x>741</x>
      <y>724</y>
      <width>323</width>
      <height>160</height>
      <type>CHART</type>
   </graphicalElement>
   <graphicalElement>
      <x>741</x>
      <y>884</y>
      <width>323</width>
      <height>156</height>
      <type>CHART</type>
   </graphicalElement>
   <graphicalElement>
      <x>418</x>
      <y>421</y>
      <width>646</width>
      <height>308</height>
      <type>CHART</type>
   </graphicalElement>
   <graphicalElement>
      <x>0</x>
      <y>0</y>
      <width>1064</width>
      <height>79</height>
      <type>TOOLBAR</type>
   </graphicalElement>
</dashboard>