<dashboard>
   <x>0</x>
   <y>0</y>
   <width>1192</width>
   <height>925</height>
   <type>CHART</type>
   <graphicalElement>
      <x>2</x>
      <y>2</y>
      <width>188</width>
      <height>27</height>
      <type>LABEL</type>
   </graphicalElement>
   <graphicalElement>
      <x>2</x>
      <y>34</y>
      <width>754</width>
      <height>766</height>
      <type>CHART</type>
   </graphicalElement>
   <graphicalElement>
      <x>760</x>
      <y>34</y>
      <width>430</width>
      <height>234</height>
      <type>CHART</type>
   </graphicalElement>
   <graphicalElement>
      <x>760</x>
      <y>9</y>
      <width>186</width>
      <height>20</height>
      <type>LABEL</type>
   </graphicalElement>
   <graphicalElement>
      <x>1106</x>
      <y>9</y>
      <width>63</width>
      <height>16</height>
      <type>BUTTON</type>
   </graphicalElement>
   <graphicalElement>
      <x>760</x>
      <y>273</y>
      <width>430</width>
      <height>231</height>
      <type>CHART</type>
   </graphicalElement>
   <graphicalElement>
      <x>760</x>
      <y>509</y>
      <width>430</width>
      <height>165</height>
      <type>CHART</type>
   </graphicalElement>
   <graphicalElement>
      <x>2</x>
      <y>804</y>
      <width>754</width>
      <height>120</height>
      <type>CHART</type>
   </graphicalElement>
</dashboard>