<dashboard>
   <x>0</x>
   <y>0</y>
   <width>906</width>
   <height>642</height>
   <type>CHART</type>
   <graphicalElement>
      <x>26</x>
      <y>73</y>
      <width>833</width>
      <height>115</height>
      <type>CHART</type>
   </graphicalElement>
   <graphicalElement>
      <x>28</x>
      <y>227</y>
      <width>406</width>
      <height>341</height>
      <type>CHART</type>
   </graphicalElement>
   <graphicalElement>
      <x>445</x>
      <y>227</y>
      <width>417</width>
      <height>341</height>
      <type>CHART</type>
   </graphicalElement>
   <graphicalElement>
      <x>6</x>
      <y>574</y>
      <width>146</width>
      <height>22</height>
      <type>BUTTON</type>
   </graphicalElement>
   <graphicalElement>
      <x>0</x>
      <y>596</y>
      <width>906</width>
      <height>46</height>
      <type>HEADER</type>
   </graphicalElement>
   <graphicalElement>
      <x>0</x>
      <y>0</y>
      <width>906</width>
      <height>36</height>
      <type>TOOLBAR</type>
   </graphicalElement>
   <graphicalElement>
      <x>18</x>
      <y>41</y>
      <width>844</width>
      <height>28</height>
      <type>CHART</type>
   </graphicalElement>
   <graphicalElement>
      <x>18</x>
      <y>194</y>
      <width>419</width>
      <height>31</height>
      <type>CHART</type>
   </graphicalElement>
   <graphicalElement>
      <x>445</x>
      <y>194</y>
      <width>417</width>
      <height>31</height>
      <type>CHART</type>
   </graphicalElement>
   <graphicalElement>
      <x>421</x>
      <y>574</y>
      <width>49</width>
      <height>22</height>
      <type>BUTTON</type>
   </graphicalElement>
   <graphicalElement>
      <x>818</x>
      <y>574</y>
      <width>69</width>
      <height>22</height>
      <type>BUTTON</type>
   </graphicalElement>
</dashboard>