<dashboard>
   <x>0</x>
   <y>0</y>
   <width>920</width>
   <height>683</height>
   <type>CHART</type>
   <graphicalElement>
      <x>9</x>
      <y>6</y>
      <width>904</width>
      <height>22</height>
      <type>BUTTON</type>
   </graphicalElement>
   <graphicalElement>
      <x>9</x>
      <y>35</y>
      <width>911</width>
      <height>177</height>
      <type>CHART</type>
   </graphicalElement>
   <graphicalElement>
      <x>9</x>
      <y>212</y>
      <width>233</width>
      <height>203</height>
      <type>CHART</type>
   </graphicalElement>
   <graphicalElement>
      <x>285</x>
      <y>223</y>
      <width>281</width>
      <height>220</height>
      <type>CHART</type>
   </graphicalElement>
   <graphicalElement>
      <x>595</x>
      <y>212</y>
      <width>325</width>
      <height>203</height>
      <type>CHART</type>
   </graphicalElement>
   <graphicalElement>
      <x>521</x>
      <y>449</y>
      <width>399</width>
      <height>219</height>
      <type>CHART</type>
   </graphicalElement>
   <graphicalElement>
      <x>9</x>
      <y>428</y>
      <width>218</width>
      <height>15</height>
      <type>BUTTON</type>
   </graphicalElement>
   <graphicalElement>
      <x>9</x>
      <y>449</y>
      <width>496</width>
      <height>224</height>
      <type>CHART</type>
   </graphicalElement>
</dashboard>