<dashboard>
   <x>0</x>
   <y>0</y>
   <width>1018</width>
   <height>547</height>
   <type>CHART</type>
   <graphicalElement>
      <x>14</x>
      <y>12</y>
      <width>242</width>
      <height>245</height>
      <type>CHART</type>
   </graphicalElement>
   <graphicalElement>
      <x>277</x>
      <y>12</y>
      <width>467</width>
      <height>245</height>
      <type>CHART</type>
   </graphicalElement>
   <graphicalElement>
      <x>762</x>
      <y>12</y>
      <width>240</width>
      <height>245</height>
      <type>CHART</type>
   </graphicalElement>
   <graphicalElement>
      <x>14</x>
      <y>274</y>
      <width>988</width>
      <height>266</height>
      <type>CHART</type>
   </graphicalElement>
</dashboard>