<dashboard>
   <x>0</x>
   <y>0</y>
   <width>1366</width>
   <height>768</height>
   <type>CHART</type>
   <graphicalElement>
      <x>493</x>
      <y>302</y>
      <width>385</width>
      <height>411</height>
      <type>CHART</type>
   </graphicalElement>
   <graphicalElement>
      <x>493</x>
      <y>56</y>
      <width>385</width>
      <height>217</height>
      <type>CHART</type>
   </graphicalElement>
   <graphicalElement>
      <x>900</x>
      <y>56</y>
      <width>385</width>
      <height>217</height>
      <type>CHART</type>
   </graphicalElement>
   <graphicalElement>
      <x>900</x>
      <y>302</y>
      <width>385</width>
      <height>411</height>
      <type>CHART</type>
   </graphicalElement>
</dashboard>