<dashboard>
   <x>0</x>
   <y>0</y>
   <width>736</width>
   <height>2002</height>
   <type>CHART</type>
   <graphicalElement>
      <x>0</x>
      <y>0</y>
      <width>736</width>
      <height>37</height>
      <type>TOOLBAR</type>
   </graphicalElement>
   <graphicalElement>
      <x>74</x>
      <y>438</y>
      <width>587</width>
      <height>132</height>
      <type>CHART</type>
   </graphicalElement>
   <graphicalElement>
      <x>74</x>
      <y>614</y>
      <width>387</width>
      <height>248</height>
      <type>CHART</type>
   </graphicalElement>
   <graphicalElement>
      <x>478</x>
      <y>614</y>
      <width>183</width>
      <height>174</height>
      <type>CHART</type>
   </graphicalElement>
   <graphicalElement>
      <x>478</x>
      <y>798</y>
      <width>87</width>
      <height>23</height>
      <type>BUTTON</type>
   </graphicalElement>
   <graphicalElement>
      <x>574</x>
      <y>798</y>
      <width>87</width>
      <height>23</height>
      <type>BUTTON</type>
   </graphicalElement>
   <graphicalElement>
      <x>74</x>
      <y>178</y>
      <width>303</width>
      <height>239</height>
      <type>CHART</type>
   </graphicalElement>
   <graphicalElement>
      <x>384</x>
      <y>178</y>
      <width>136</width>
      <height>239</height>
      <type>CHART</type>
   </graphicalElement>
   <graphicalElement>
      <x>528</x>
      <y>178</y>
      <width>133</width>
      <height>239</height>
      <type>CHART</type>
   </graphicalElement>
   <graphicalElement>
      <x>74</x>
      <y>116</y>
      <width>587</width>
      <height>36</height>
      <type>CHART</type>
   </graphicalElement>
   <graphicalElement>
      <x>69</x>
      <y>48</y>
      <width>241</width>
      <height>54</height>
      <type>BUTTON</type>
   </graphicalElement>
   <graphicalElement>
      <x>478</x>
      <y>70</y>
      <width>87</width>
      <height>24</height>
      <type>BUTTON</type>
   </graphicalElement>
   <graphicalElement>
      <x>574</x>
      <y>70</y>
      <width>87</width>
      <height>24</height>
      <type>BUTTON</type>
   </graphicalElement>
   <graphicalElement>
      <x>74</x>
      <y>886</y>
      <width>387</width>
      <height>254</height>
      <type>CHART</type>
   </graphicalElement>
   <graphicalElement>
      <x>478</x>
      <y>886</y>
      <width>188</width>
      <height>176</height>
      <type>CHART</type>
   </graphicalElement>
   <graphicalElement>
      <x>478</x>
      <y>1070</y>
      <width>87</width>
      <height>27</height>
      <type>BUTTON</type>
   </graphicalElement>
   <graphicalElement>
      <x>574</x>
      <y>1070</y>
      <width>92</width>
      <height>27</height>
      <type>BUTTON</type>
   </graphicalElement>
   <graphicalElement>
      <x>74</x>
      <y>1161</y>
      <width>387</width>
      <height>281</height>
      <type>CHART</type>
   </graphicalElement>
   <graphicalElement>
      <x>478</x>
      <y>1161</y>
      <width>183</width>
      <height>175</height>
      <type>CHART</type>
   </graphicalElement>
   <graphicalElement>
      <x>478</x>
      <y>1344</y>
      <width>87</width>
      <height>28</height>
      <type>BUTTON</type>
   </graphicalElement>
   <graphicalElement>
      <x>574</x>
      <y>1344</y>
      <width>87</width>
      <height>28</height>
      <type>BUTTON</type>
   </graphicalElement>
   <graphicalElement>
      <x>74</x>
      <y>1488</y>
      <width>587</width>
      <height>40</height>
      <type>CHART</type>
   </graphicalElement>
   <graphicalElement>
      <x>74</x>
      <y>1576</y>
      <width>288</width>
      <height>344</height>
      <type>CHART</type>
   </graphicalElement>
   <graphicalElement>
      <x>377</x>
      <y>1576</y>
      <width>284</width>
      <height>223</height>
      <type>CHART</type>
   </graphicalElement>
   <graphicalElement>
      <x>377</x>
      <y>1845</y>
      <width>284</width>
      <height>75</height>
      <type>CHART</type>
   </graphicalElement>
   <graphicalElement>
      <x>377</x>
      <y>1545</y>
      <width>156</width>
      <height>21</height>
      <type>LABEL</type>
   </graphicalElement>
   <graphicalElement>
      <x>377</x>
      <y>1808</y>
      <width>120</width>
      <height>29</height>
      <type>LABEL</type>
   </graphicalElement>
   <graphicalElement>
      <x>74</x>
      <y>1545</y>
      <width>108</width>
      <height>21</height>
      <type>LABEL</type>
   </graphicalElement>
</dashboard>