<dashboard>
   <x>0</x>
   <y>0</y>
   <width>1434</width>
   <height>994</height>
   <type>CHART</type>
   <graphicalElement>
      <x>0</x>
      <y>0</y>
      <width>1434</width>
      <height>68</height>
      <type>HEADER</type>
   </graphicalElement>
   <graphicalElement>
      <x>0</x>
      <y>68</y>
      <width>1434</width>
      <height>70</height>
      <type>TOOLBAR</type>
   </graphicalElement>
   <graphicalElement>
      <x>0</x>
      <y>138</y>
      <width>204</width>
      <height>856</height>
      <type>TOOLBAR</type>
   </graphicalElement>
   <graphicalElement>
      <x>628</x>
      <y>614</y>
      <width>392</width>
      <height>372</height>
      <type>CHART</type>
   </graphicalElement>
   <graphicalElement>
      <x>222</x>
      <y>152</y>
      <width>552</width>
      <height>270</height>
      <type>CHART</type>
   </graphicalElement>
   <graphicalElement>
      <x>784</x>
      <y>152</y>
      <width>230</width>
      <height>270</height>
      <type>CHART</type>
   </graphicalElement>
   <graphicalElement>
      <x>1028</x>
      <y>152</y>
      <width>392</width>
      <height>270</height>
      <type>CHART</type>
   </graphicalElement>
   <graphicalElement>
      <x>222</x>
      <y>432</y>
      <width>394</width>
      <height>358</height>
      <type>CHART</type>
   </graphicalElement>
   <graphicalElement>
      <x>628</x>
      <y>432</y>
      <width>386</width>
      <height>176</height>
      <type>CHART</type>
   </graphicalElement>
   <graphicalElement>
      <x>222</x>
      <y>802</y>
      <width>394</width>
      <height>184</height>
      <type>CHART</type>
   </graphicalElement>
   <graphicalElement>
      <x>1028</x>
      <y>432</y>
      <width>392</width>
      <height>554</height>
      <type>CHART</type>
   </graphicalElement>
</dashboard>