<dashboard>
   <x>0</x>
   <y>0</y>
   <width>1500</width>
   <height>738</height>
   <type>CHART</type>
   <graphicalElement>
      <x>0</x>
      <y>45</y>
      <width>274</width>
      <height>368</height>
      <type>CHART</type>
   </graphicalElement>
   <graphicalElement>
      <x>1244</x>
      <y>2</y>
      <width>256</width>
      <height>50</height>
      <type>TOOLBAR</type>
   </graphicalElement>
   <graphicalElement>
      <x>0</x>
      <y>0</y>
      <width>1500</width>
      <height>26</height>
      <type>HEADER</type>
   </graphicalElement>
   <graphicalElement>
      <x>302</x>
      <y>45</y>
      <width>264</width>
      <height>60</height>
      <type>LABEL</type>
   </graphicalElement>
   <graphicalElement>
      <x>306</x>
      <y>128</y>
      <width>383</width>
      <height>240</height>
      <type>CHART</type>
   </graphicalElement>
   <graphicalElement>
      <x>694</x>
      <y>128</y>
      <width>383</width>
      <height>240</height>
      <type>CHART</type>
   </graphicalElement>
   <graphicalElement>
      <x>1083</x>
      <y>128</y>
      <width>385</width>
      <height>240</height>
      <type>CHART</type>
   </graphicalElement>
   <graphicalElement>
      <x>308</x>
      <y>385</y>
      <width>381</width>
      <height>243</height>
      <type>CHART</type>
   </graphicalElement>
   <graphicalElement>
      <x>694</x>
      <y>385</y>
      <width>383</width>
      <height>243</height>
      <type>CHART</type>
   </graphicalElement>
   <graphicalElement>
      <x>1083</x>
      <y>385</y>
      <width>385</width>
      <height>243</height>
      <type>CHART</type>
   </graphicalElement>
   <graphicalElement>
      <x>308</x>
      <y>368</y>
      <width>41</width>
      <height>17</height>
      <type>BUTTON</type>
   </graphicalElement>
   <graphicalElement>
      <x>364</x>
      <y>368</y>
      <width>33</width>
      <height>17</height>
      <type>BUTTON</type>
   </graphicalElement>
   <graphicalElement>
      <x>417</x>
      <y>368</y>
      <width>33</width>
      <height>17</height>
      <type>BUTTON</type>
   </graphicalElement>
   <graphicalElement>
      <x>696</x>
      <y>368</y>
      <width>40</width>
      <height>17</height>
      <type>BUTTON</type>
   </graphicalElement>
   <graphicalElement>
      <x>754</x>
      <y>368</y>
      <width>32</width>
      <height>17</height>
      <type>BUTTON</type>
   </graphicalElement>
   <graphicalElement>
      <x>806</x>
      <y>368</y>
      <width>31</width>
      <height>17</height>
      <type>BUTTON</type>
   </graphicalElement>
   <graphicalElement>
      <x>1085</x>
      <y>368</y>
      <width>39</width>
      <height>17</height>
      <type>BUTTON</type>
   </graphicalElement>
   <graphicalElement>
      <x>1138</x>
      <y>368</y>
      <width>37</width>
      <height>17</height>
      <type>BUTTON</type>
   </graphicalElement>
   <graphicalElement>
      <x>1196</x>
      <y>368</y>
      <width>29</width>
      <height>17</height>
      <type>BUTTON</type>
   </graphicalElement>
   <graphicalElement>
      <x>308</x>
      <y>628</y>
      <width>41</width>
      <height>16</height>
      <type>BUTTON</type>
   </graphicalElement>
   <graphicalElement>
      <x>364</x>
      <y>628</y>
      <width>33</width>
      <height>16</height>
      <type>BUTTON</type>
   </graphicalElement>
   <graphicalElement>
      <x>417</x>
      <y>628</y>
      <width>28</width>
      <height>16</height>
      <type>BUTTON</type>
   </graphicalElement>
   <graphicalElement>
      <x>696</x>
      <y>628</y>
      <width>40</width>
      <height>16</height>
      <type>BUTTON</type>
   </graphicalElement>
   <graphicalElement>
      <x>754</x>
      <y>628</y>
      <width>32</width>
      <height>16</height>
      <type>BUTTON</type>
   </graphicalElement>
   <graphicalElement>
      <x>806</x>
      <y>628</y>
      <width>31</width>
      <height>16</height>
      <type>BUTTON</type>
   </graphicalElement>
   <graphicalElement>
      <x>1085</x>
      <y>628</y>
      <width>39</width>
      <height>16</height>
      <type>BUTTON</type>
   </graphicalElement>
   <graphicalElement>
      <x>1138</x>
      <y>628</y>
      <width>37</width>
      <height>16</height>
      <type>BUTTON</type>
   </graphicalElement>
   <graphicalElement>
      <x>1196</x>
      <y>628</y>
      <width>29</width>
      <height>16</height>
      <type>BUTTON</type>
   </graphicalElement>
   <graphicalElement>
      <x>0</x>
      <y>688</y>
      <width>1500</width>
      <height>50</height>
      <type>HEADER</type>
   </graphicalElement>
</dashboard>