<dashboard>
   <x>0</x>
   <y>0</y>
   <width>1618</width>
   <height>1460</height>
   <type>CHART</type>
   <graphicalElement>
      <x>0</x>
      <y>0</y>
      <width>1618</width>
      <height>84</height>
      <type>HEADER</type>
   </graphicalElement>
   <graphicalElement>
      <x>16</x>
      <y>104</y>
      <width>304</width>
      <height>370</height>
      <type>CHART</type>
   </graphicalElement>
   <graphicalElement>
      <x>338</x>
      <y>104</y>
      <width>1260</width>
      <height>46</height>
      <type>TOOLBAR</type>
   </graphicalElement>
   <graphicalElement>
      <x>16</x>
      <y>492</y>
      <width>304</width>
      <height>654</height>
      <type>CHART</type>
   </graphicalElement>
   <graphicalElement>
      <x>338</x>
      <y>170</y>
      <width>410</width>
      <height>94</height>
      <type>CHART</type>
   </graphicalElement>
   <graphicalElement>
      <x>762</x>
      <y>170</y>
      <width>412</width>
      <height>94</height>
      <type>CHART</type>
   </graphicalElement>
   <graphicalElement>
      <x>1194</x>
      <y>170</y>
      <width>404</width>
      <height>94</height>
      <type>CHART</type>
   </graphicalElement>
   <graphicalElement>
      <x>338</x>
      <y>280</y>
      <width>622</width>
      <height>366</height>
      <type>CHART</type>
   </graphicalElement>
   <graphicalElement>
      <x>978</x>
      <y>280</y>
      <width>620</width>
      <height>366</height>
      <type>CHART</type>
   </graphicalElement>
   <graphicalElement>
      <x>338</x>
      <y>658</y>
      <width>622</width>
      <height>366</height>
      <type>CHART</type>
   </graphicalElement>
   <graphicalElement>
      <x>978</x>
      <y>658</y>
      <width>626</width>
      <height>366</height>
      <type>CHART</type>
   </graphicalElement>
   <graphicalElement>
      <x>338</x>
      <y>1040</y>
      <width>302</width>
      <height>340</height>
      <type>CHART</type>
   </graphicalElement>
   <graphicalElement>
      <x>660</x>
      <y>1040</y>
      <width>300</width>
      <height>340</height>
      <type>CHART</type>
   </graphicalElement>
   <graphicalElement>
      <x>978</x>
      <y>1040</y>
      <width>302</width>
      <height>340</height>
      <type>CHART</type>
   </graphicalElement>
   <graphicalElement>
      <x>1302</x>
      <y>1040</y>
      <width>296</width>
      <height>340</height>
      <type>CHART</type>
   </graphicalElement>
   <graphicalElement>
      <x>0</x>
      <y>1400</y>
      <width>1618</width>
      <height>60</height>
      <type>HEADER</type>
   </graphicalElement>
</dashboard>