<dashboard>
   <x>0</x>
   <y>0</y>
   <width>1267</width>
   <height>937</height>
   <type>CHART</type>
   <graphicalElement>
      <x>6</x>
      <y>40</y>
      <width>392</width>
      <height>298</height>
      <type>CHART</type>
   </graphicalElement>
   <graphicalElement>
      <x>6</x>
      <y>345</y>
      <width>294</width>
      <height>87</height>
      <type>CHART</type>
   </graphicalElement>
   <graphicalElement>
      <x>6</x>
      <y>438</y>
      <width>294</width>
      <height>91</height>
      <type>CHART</type>
   </graphicalElement>
   <graphicalElement>
      <x>6</x>
      <y>4</y>
      <width>127</width>
      <height>30</height>
      <type>LABEL</type>
   </graphicalElement>
   <graphicalElement>
      <x>26</x>
      <y>536</y>
      <width>376</width>
      <height>17</height>
      <type>LABEL</type>
   </graphicalElement>
   <graphicalElement>
      <x>18</x>
      <y>610</y>
      <width>367</width>
      <height>214</height>
      <type>CHART</type>
   </graphicalElement>
   <graphicalElement>
      <x>22</x>
      <y>585</y>
      <width>319</width>
      <height>25</height>
      <type>LABEL</type>
   </graphicalElement>
   <graphicalElement>
      <x>18</x>
      <y>824</y>
      <width>226</width>
      <height>30</height>
      <type>LABEL</type>
   </graphicalElement>
   <graphicalElement>
      <x>438</x>
      <y>40</y>
      <width>407</width>
      <height>298</height>
      <type>CHART</type>
   </graphicalElement>
   <graphicalElement>
      <x>442</x>
      <y>345</y>
      <width>403</width>
      <height>87</height>
      <type>CHART</type>
   </graphicalElement>
   <graphicalElement>
      <x>442</x>
      <y>438</y>
      <width>403</width>
      <height>91</height>
      <type>CHART</type>
   </graphicalElement>
   <graphicalElement>
      <x>434</x>
      <y>4</y>
      <width>236</width>
      <height>30</height>
      <type>LABEL</type>
   </graphicalElement>
   <graphicalElement>
      <x>861</x>
      <y>4</y>
      <width>301</width>
      <height>30</height>
      <type>LABEL</type>
   </graphicalElement>
   <graphicalElement>
      <x>870</x>
      <y>40</y>
      <width>388</width>
      <height>298</height>
      <type>CHART</type>
   </graphicalElement>
   <graphicalElement>
      <x>870</x>
      <y>345</y>
      <width>388</width>
      <height>87</height>
      <type>CHART</type>
   </graphicalElement>
   <graphicalElement>
      <x>870</x>
      <y>438</y>
      <width>388</width>
      <height>91</height>
      <type>CHART</type>
   </graphicalElement>
   <graphicalElement>
      <x>682</x>
      <y>536</y>
      <width>152</width>
      <height>17</height>
      <type>LABEL</type>
   </graphicalElement>
   <graphicalElement>
      <x>1064</x>
      <y>540</y>
      <width>188</width>
      <height>13</height>
      <type>LABEL</type>
   </graphicalElement>
   <graphicalElement>
      <x>428</x>
      <y>610</y>
      <width>466</width>
      <height>264</height>
      <type>CHART</type>
   </graphicalElement>
   <graphicalElement>
      <x>428</x>
      <y>590</y>
      <width>381</width>
      <height>20</height>
      <type>LABEL</type>
   </graphicalElement>
   <graphicalElement>
      <x>948</x>
      <y>610</y>
      <width>281</width>
      <height>278</height>
      <type>CHART</type>
   </graphicalElement>
   <graphicalElement>
      <x>948</x>
      <y>590</y>
      <width>196</width>
      <height>20</height>
      <type>LABEL</type>
   </graphicalElement>
   <graphicalElement>
      <x>512</x>
      <y>901</y>
      <width>244</width>
      <height>24</height>
      <type>LABEL</type>
   </graphicalElement>
   <graphicalElement>
      <x>2</x>
      <y>901</y>
      <width>127</width>
      <height>27</height>
      <type>LABEL</type>
   </graphicalElement>
   <graphicalElement>
      <x>1162</x>
      <y>905</y>
      <width>78</width>
      <height>24</height>
      <type>LABEL</type>
   </graphicalElement>
</dashboard>