<dashboard>
   <x>0</x>
   <y>0</y>
   <width>600</width>
   <height>329</height>
   <type>CHART</type>
   <graphicalElement>
      <x>0</x>
      <y>0</y>
      <width>95</width>
      <height>329</height>
      <type>TOOLBAR</type>
   </graphicalElement>
   <graphicalElement>
      <x>95</x>
      <y>0</y>
      <width>505</width>
      <height>20</height>
      <type>CHART</type>
   </graphicalElement>
   <graphicalElement>
      <x>107</x>
      <y>30</y>
      <width>112</width>
      <height>59</height>
      <type>CHART</type>
   </graphicalElement>
   <graphicalElement>
      <x>230</x>
      <y>30</y>
      <width>113</width>
      <height>59</height>
      <type>CHART</type>
   </graphicalElement>
   <graphicalElement>
      <x>353</x>
      <y>30</y>
      <width>112</width>
      <height>59</height>
      <type>CHART</type>
   </graphicalElement>
   <graphicalElement>
      <x>475</x>
      <y>30</y>
      <width>113</width>
      <height>59</height>
      <type>CHART</type>
   </graphicalElement>
   <graphicalElement>
      <x>107</x>
      <y>98</y>
      <width>112</width>
      <height>159</height>
      <type>CHART</type>
   </graphicalElement>
   <graphicalElement>
      <x>230</x>
      <y>98</y>
      <width>235</width>
      <height>159</height>
      <type>CHART</type>
   </graphicalElement>
   <graphicalElement>
      <x>475</x>
      <y>98</y>
      <width>113</width>
      <height>159</height>
      <type>CHART</type>
   </graphicalElement>
   <graphicalElement>
      <x>107</x>
      <y>268</y>
      <width>112</width>
      <height>59</height>
      <type>CHART</type>
   </graphicalElement>
   <graphicalElement>
      <x>230</x>
      <y>268</y>
      <width>113</width>
      <height>59</height>
      <type>CHART</type>
   </graphicalElement>
   <graphicalElement>
      <x>353</x>
      <y>268</y>
      <width>112</width>
      <height>59</height>
      <type>CHART</type>
   </graphicalElement>
   <graphicalElement>
      <x>475</x>
      <y>268</y>
      <width>113</width>
      <height>59</height>
      <type>CHART</type>
   </graphicalElement>
</dashboard>