<dashboard>
   <x>0</x>
   <y>0</y>
   <width>508</width>
   <height>329</height>
   <type>CHART</type>
   <graphicalElement>
      <x>0</x>
      <y>0</y>
      <width>508</width>
      <height>30</height>
      <type>HEADER</type>
   </graphicalElement>
   <graphicalElement>
      <x>0</x>
      <y>34</y>
      <width>177</width>
      <height>107</height>
      <type>CHART</type>
   </graphicalElement>
   <graphicalElement>
      <x>0</x>
      <y>141</y>
      <width>177</width>
      <height>36</height>
      <type>CHART</type>
   </graphicalElement>
   <graphicalElement>
      <x>0</x>
      <y>177</y>
      <width>177</width>
      <height>152</height>
      <type>CHART</type>
   </graphicalElement>
   <graphicalElement>
      <x>180</x>
      <y>30</y>
      <width>174</width>
      <height>147</height>
      <type>CHART</type>
   </graphicalElement>
   <graphicalElement>
      <x>355</x>
      <y>33</y>
      <width>153</width>
      <height>144</height>
      <type>CHART</type>
   </graphicalElement>
   <graphicalElement>
      <x>180</x>
      <y>177</y>
      <width>174</width>
      <height>152</height>
      <type>CHART</type>
   </graphicalElement>
   <graphicalElement>
      <x>355</x>
      <y>177</y>
      <width>153</width>
      <height>152</height>
      <type>CHART</type>
   </graphicalElement>
</dashboard>