<dashboard>
   <x>0</x>
   <y>0</y>
   <width>1298</width>
   <height>734</height>
   <type>CHART</type>
   <graphicalElement>
      <x>508</x>
      <y>14</y>
      <width>250</width>
      <height>18</height>
      <type>LABEL</type>
   </graphicalElement>
   <graphicalElement>
      <x>1261</x>
      <y>20</y>
      <width>18</width>
      <height>18</height>
      <type>BUTTON</type>
   </graphicalElement>
   <graphicalElement>
      <x>18</x>
      <y>47</y>
      <width>511</width>
      <height>258</height>
      <type>CHART</type>
   </graphicalElement>
   <graphicalElement>
      <x>535</x>
      <y>47</y>
      <width>428</width>
      <height>258</height>
      <type>CHART</type>
   </graphicalElement>
   <graphicalElement>
      <x>970</x>
      <y>47</y>
      <width>309</width>
      <height>258</height>
      <type>CHART</type>
   </graphicalElement>
   <graphicalElement>
      <x>18</x>
      <y>312</y>
      <width>194</width>
      <height>397</height>
      <type>CHART</type>
   </graphicalElement>
   <graphicalElement>
      <x>218</x>
      <y>312</y>
      <width>538</width>
      <height>397</height>
      <type>CHART</type>
   </graphicalElement>
   <graphicalElement>
      <x>763</x>
      <y>312</y>
      <width>516</width>
      <height>397</height>
      <type>CHART</type>
   </graphicalElement>
</dashboard>