<dashboard>
   <x>0</x>
   <y>0</y>
   <width>665</width>
   <height>722</height>
   <type>CHART</type>
   <graphicalElement>
      <x>7</x>
      <y>37</y>
      <width>241</width>
      <height>36</height>
      <type>LABEL</type>
   </graphicalElement>
   <graphicalElement>
      <x>13</x>
      <y>95</y>
      <width>123</width>
      <height>65</height>
      <type>CHART</type>
   </graphicalElement>
   <graphicalElement>
      <x>141</x>
      <y>95</y>
      <width>124</width>
      <height>65</height>
      <type>CHART</type>
   </graphicalElement>
   <graphicalElement>
      <x>270</x>
      <y>95</y>
      <width>121</width>
      <height>65</height>
      <type>CHART</type>
   </graphicalElement>
   <graphicalElement>
      <x>0</x>
      <y>0</y>
      <width>665</width>
      <height>28</height>
      <type>CHART</type>
   </graphicalElement>
   <graphicalElement>
      <x>397</x>
      <y>95</y>
      <width>122</width>
      <height>65</height>
      <type>CHART</type>
   </graphicalElement>
   <graphicalElement>
      <x>525</x>
      <y>95</y>
      <width>122</width>
      <height>65</height>
      <type>CHART</type>
   </graphicalElement>
   <graphicalElement>
      <x>13</x>
      <y>170</y>
      <width>639</width>
      <height>157</height>
      <type>CHART</type>
   </graphicalElement>
   <graphicalElement>
      <x>7</x>
      <y>332</y>
      <width>404</width>
      <height>260</height>
      <type>CHART</type>
   </graphicalElement>
   <graphicalElement>
      <x>7</x>
      <y>598</y>
      <width>404</width>
      <height>122</height>
      <type>CHART</type>
   </graphicalElement>
   <graphicalElement>
      <x>430</x>
      <y>332</y>
      <width>227</width>
      <height>390</height>
      <type>CHART</type>
   </graphicalElement>
</dashboard>