<dashboard>
   <x>0</x>
   <y>0</y>
   <width>495</width>
   <height>290</height>
   <type>CHART</type>
   <graphicalElement>
      <x>2</x>
      <y>3</y>
      <width>157</width>
      <height>85</height>
      <type>CHART</type>
   </graphicalElement>
   <graphicalElement>
      <x>161</x>
      <y>3</y>
      <width>155</width>
      <height>85</height>
      <type>CHART</type>
   </graphicalElement>
   <graphicalElement>
      <x>2</x>
      <y>92</y>
      <width>157</width>
      <height>86</height>
      <type>CHART</type>
   </graphicalElement>
   <graphicalElement>
      <x>161</x>
      <y>92</y>
      <width>154</width>
      <height>86</height>
      <type>CHART</type>
   </graphicalElement>
   <graphicalElement>
      <x>2</x>
      <y>182</y>
      <width>156</width>
      <height>86</height>
      <type>CHART</type>
   </graphicalElement>
   <graphicalElement>
      <x>161</x>
      <y>181</y>
      <width>154</width>
      <height>87</height>
      <type>CHART</type>
   </graphicalElement>
   <graphicalElement>
      <x>318</x>
      <y>182</y>
      <width>155</width>
      <height>86</height>
      <type>CHART</type>
   </graphicalElement>
   <graphicalElement>
      <x>319</x>
      <y>91</y>
      <width>154</width>
      <height>87</height>
      <type>CHART</type>
   </graphicalElement>
   <graphicalElement>
      <x>319</x>
      <y>3</y>
      <width>154</width>
      <height>85</height>
      <type>CHART</type>
   </graphicalElement>
   <graphicalElement>
      <x>2</x>
      <y>268</y>
      <width>471</width>
      <height>8</height>
      <type>TOOLBAR</type>
   </graphicalElement>
   <graphicalElement>
      <x>473</x>
      <y>3</y>
      <width>10</width>
      <height>274</height>
      <type>BUTTON</type>
   </graphicalElement>
</dashboard>