<dashboard>
   <x>0</x>
   <y>0</y>
   <width>600</width>
   <height>375</height>
   <type>CHART</type>
   <graphicalElement>
      <x>0</x>
      <y>28</y>
      <width>85</width>
      <height>347</height>
      <type>TOOLBAR</type>
   </graphicalElement>
   <graphicalElement>
      <x>0</x>
      <y>1</y>
      <width>85</width>
      <height>27</height>
      <type>HEADER</type>
   </graphicalElement>
   <graphicalElement>
      <x>85</x>
      <y>0</y>
      <width>515</width>
      <height>28</height>
      <type>TOOLBAR</type>
   </graphicalElement>
   <graphicalElement>
      <x>90</x>
      <y>34</y>
      <width>118</width>
      <height>50</height>
      <type>CHART</type>
   </graphicalElement>
   <graphicalElement>
      <x>220</x>
      <y>34</y>
      <width>118</width>
      <height>50</height>
      <type>CHART</type>
   </graphicalElement>
   <graphicalElement>
      <x>348</x>
      <y>34</y>
      <width>118</width>
      <height>50</height>
      <type>CHART</type>
   </graphicalElement>
   <graphicalElement>
      <x>477</x>
      <y>34</y>
      <width>118</width>
      <height>50</height>
      <type>CHART</type>
   </graphicalElement>
   <graphicalElement>
      <x>90</x>
      <y>91</y>
      <width>248</width>
      <height>118</height>
      <type>CHART</type>
   </graphicalElement>
   <graphicalElement>
      <x>90</x>
      <y>214</y>
      <width>162</width>
      <height>64</height>
      <type>CHART</type>
   </graphicalElement>
   <graphicalElement>
      <x>90</x>
      <y>283</y>
      <width>162</width>
      <height>92</height>
      <type>CHART</type>
   </graphicalElement>
   <graphicalElement>
      <x>262</x>
      <y>214</y>
      <width>160</width>
      <height>146</height>
      <type>CHART</type>
   </graphicalElement>
   <graphicalElement>
      <x>348</x>
      <y>91</y>
      <width>247</width>
      <height>118</height>
      <type>CHART</type>
   </graphicalElement>
   <graphicalElement>
      <x>434</x>
      <y>214</y>
      <width>161</width>
      <height>152</height>
      <type>CHART</type>
   </graphicalElement>
</dashboard>