<dashboard>
   <x>0</x>
   <y>0</y>
   <width>936</width>
   <height>675</height>
   <type>CHART</type>
   <graphicalElement>
      <x>7</x>
      <y>3</y>
      <width>397</width>
      <height>36</height>
      <type>LABEL</type>
   </graphicalElement>
   <graphicalElement>
      <x>18</x>
      <y>59</y>
      <width>513</width>
      <height>39</height>
      <type>TOOLBAR</type>
   </graphicalElement>
   <graphicalElement>
      <x>21</x>
      <y>126</y>
      <width>371</width>
      <height>163</height>
      <type>CHART</type>
   </graphicalElement>
   <graphicalElement>
      <x>409</x>
      <y>126</y>
      <width>509</width>
      <height>513</height>
      <type>CHART</type>
   </graphicalElement>
   <graphicalElement>
      <x>21</x>
      <y>301</y>
      <width>371</width>
      <height>165</height>
      <type>CHART</type>
   </graphicalElement>
   <graphicalElement>
      <x>21</x>
      <y>477</y>
      <width>371</width>
      <height>162</height>
      <type>CHART</type>
   </graphicalElement>
</dashboard>