<dashboard>
   <x>0</x>
   <y>0</y>
   <width>1120</width>
   <height>790</height>
   <type>CHART</type>
   <graphicalElement>
      <x>0</x>
      <y>0</y>
      <width>1120</width>
      <height>76</height>
      <type>HEADER</type>
   </graphicalElement>
   <graphicalElement>
      <x>35</x>
      <y>92</y>
      <width>416</width>
      <height>355</height>
      <type>CHART</type>
   </graphicalElement>
   <graphicalElement>
      <x>465</x>
      <y>92</y>
      <width>632</width>
      <height>355</height>
      <type>CHART</type>
   </graphicalElement>
   <graphicalElement>
      <x>35</x>
      <y>467</y>
      <width>416</width>
      <height>302</height>
      <type>CHART</type>
   </graphicalElement>
   <graphicalElement>
      <x>470</x>
      <y>467</y>
      <width>627</width>
      <height>302</height>
      <type>CHART</type>
   </graphicalElement>
</dashboard>