<dashboard>
   <x>0</x>
   <y>0</y>
   <width>1322</width>
   <height>746</height>
   <type>CHART</type>
   <graphicalElement>
      <x>0</x>
      <y>0</y>
      <width>1322</width>
      <height>32</height>
      <type>HEADER</type>
   </graphicalElement>
   <graphicalElement>
      <x>0</x>
      <y>109</y>
      <width>65</width>
      <height>635</height>
      <type>TOOLBAR</type>
   </graphicalElement>
   <graphicalElement>
      <x>70</x>
      <y>49</y>
      <width>120</width>
      <height>45</height>
      <type>LABEL</type>
   </graphicalElement>
   <graphicalElement>
      <x>70</x>
      <y>109</y>
      <width>355</width>
      <height>316</height>
      <type>CHART</type>
   </graphicalElement>
   <graphicalElement>
      <x>70</x>
      <y>432</y>
      <width>355</width>
      <height>312</height>
      <type>CHART</type>
   </graphicalElement>
   <graphicalElement>
      <x>430</x>
      <y>109</y>
      <width>358</width>
      <height>316</height>
      <type>CHART</type>
   </graphicalElement>
   <graphicalElement>
      <x>430</x>
      <y>432</y>
      <width>358</width>
      <height>314</height>
      <type>CHART</type>
   </graphicalElement>
   <graphicalElement>
      <x>794</x>
      <y>109</y>
      <width>355</width>
      <height>316</height>
      <type>CHART</type>
   </graphicalElement>
   <graphicalElement>
      <x>1155</x>
      <y>109</y>
      <width>150</width>
      <height>152</height>
      <type>CHART</type>
   </graphicalElement>
   <graphicalElement>
      <x>1155</x>
      <y>268</y>
      <width>150</width>
      <height>157</height>
      <type>CHART</type>
   </graphicalElement>
   <graphicalElement>
      <x>1155</x>
      <y>432</y>
      <width>150</width>
      <height>148</height>
      <type>CHART</type>
   </graphicalElement>
   <graphicalElement>
      <x>1149</x>
      <y>580</y>
      <width>168</width>
      <height>166</height>
      <type>CHART</type>
   </graphicalElement>
   <graphicalElement>
      <x>794</x>
      <y>432</y>
      <width>350</width>
      <height>312</height>
      <type>CHART</type>
   </graphicalElement>
</dashboard>