<dashboard>
   <x>0</x>
   <y>0</y>
   <width>1395</width>
   <height>1040</height>
   <type>CHART</type>
   <graphicalElement>
      <x>6</x>
      <y>230</y>
      <width>680</width>
      <height>272</height>
      <type>CHART</type>
   </graphicalElement>
   <graphicalElement>
      <x>704</x>
      <y>230</y>
      <width>682</width>
      <height>272</height>
      <type>CHART</type>
   </graphicalElement>
   <graphicalElement>
      <x>6</x>
      <y>48</y>
      <width>1380</width>
      <height>172</height>
      <type>CHART</type>
   </graphicalElement>
   <graphicalElement>
      <x>6</x>
      <y>514</y>
      <width>462</width>
      <height>502</height>
      <type>CHART</type>
   </graphicalElement>
   <graphicalElement>
      <x>468</x>
      <y>514</y>
      <width>458</width>
      <height>502</height>
      <type>CHART</type>
   </graphicalElement>
   <graphicalElement>
      <x>926</x>
      <y>514</y>
      <width>460</width>
      <height>502</height>
      <type>CHART</type>
   </graphicalElement>
   <graphicalElement>
      <x>14</x>
      <y>12</y>
      <width>550</width>
      <height>22</height>
      <type>LABEL</type>
   </graphicalElement>
   <graphicalElement>
      <x>962</x>
      <y>12</y>
      <width>216</width>
      <height>22</height>
      <type>LABEL</type>
   </graphicalElement>
   <graphicalElement>
      <x>1204</x>
      <y>12</y>
      <width>176</width>
      <height>22</height>
      <type>BUTTON</type>
   </graphicalElement>
</dashboard>