<dashboard>
   <x>0</x>
   <y>0</y>
   <width>1472</width>
   <height>875</height>
   <type>CHART</type>
   <graphicalElement>
      <x>0</x>
      <y>0</y>
      <width>1470</width>
      <height>60</height>
      <type>HEADER</type>
   </graphicalElement>
   <graphicalElement>
      <x>0</x>
      <y>214</y>
      <width>26</width>
      <height>502</height>
      <type>TOOLBAR</type>
   </graphicalElement>
   <graphicalElement>
      <x>32</x>
      <y>468</y>
      <width>472</width>
      <height>400</height>
      <type>CHART</type>
   </graphicalElement>
   <graphicalElement>
      <x>512</x>
      <y>474</y>
      <width>468</width>
      <height>394</height>
      <type>CHART</type>
   </graphicalElement>
   <graphicalElement>
      <x>994</x>
      <y>474</y>
      <width>468</width>
      <height>394</height>
      <type>CHART</type>
   </graphicalElement>
   <graphicalElement>
      <x>32</x>
      <y>60</y>
      <width>472</width>
      <height>400</height>
      <type>CHART</type>
   </graphicalElement>
   <graphicalElement>
      <x>512</x>
      <y>60</y>
      <width>468</width>
      <height>408</height>
      <type>CHART</type>
   </graphicalElement>
   <graphicalElement>
      <x>994</x>
      <y>60</y>
      <width>468</width>
      <height>400</height>
      <type>CHART</type>
   </graphicalElement>
</dashboard>