<dashboard>
   <x>0</x>
   <y>0</y>
   <width>736</width>
   <height>534</height>
   <type>CHART</type>
   <graphicalElement>
      <x>0</x>
      <y>0</y>
      <width>33</width>
      <height>534</height>
      <type>TOOLBAR</type>
   </graphicalElement>
   <graphicalElement>
      <x>38</x>
      <y>6</y>
      <width>143</width>
      <height>130</height>
      <type>CHART</type>
   </graphicalElement>
   <graphicalElement>
      <x>181</x>
      <y>6</y>
      <width>405</width>
      <height>130</height>
      <type>CHART</type>
   </graphicalElement>
   <graphicalElement>
      <x>586</x>
      <y>6</y>
      <width>143</width>
      <height>130</height>
      <type>CHART</type>
   </graphicalElement>
   <graphicalElement>
      <x>550</x>
      <y>136</y>
      <width>179</width>
      <height>77</height>
      <type>CHART</type>
   </graphicalElement>
   <graphicalElement>
      <x>215</x>
      <y>136</y>
      <width>335</width>
      <height>77</height>
      <type>CHART</type>
   </graphicalElement>
   <graphicalElement>
      <x>38</x>
      <y>136</y>
      <width>177</width>
      <height>77</height>
      <type>CHART</type>
   </graphicalElement>
   <graphicalElement>
      <x>38</x>
      <y>213</y>
      <width>345</width>
      <height>313</height>
      <type>CHART</type>
   </graphicalElement>
   <graphicalElement>
      <x>383</x>
      <y>213</y>
      <width>346</width>
      <height>313</height>
      <type>CHART</type>
   </graphicalElement>
</dashboard>