<dashboard>
   <x>0</x>
   <y>0</y>
   <width>615</width>
   <height>375</height>
   <type>CHART</type>
   <graphicalElement>
      <x>12</x>
      <y>8</y>
      <width>166</width>
      <height>45</height>
      <type>CHART</type>
   </graphicalElement>
   <graphicalElement>
      <x>12</x>
      <y>69</y>
      <width>166</width>
      <height>170</height>
      <type>CHART</type>
   </graphicalElement>
   <graphicalElement>
      <x>12</x>
      <y>254</y>
      <width>166</width>
      <height>120</height>
      <type>CHART</type>
   </graphicalElement>
   <graphicalElement>
      <x>195</x>
      <y>152</y>
      <width>230</width>
      <height>213</height>
      <type>CHART</type>
   </graphicalElement>
   <graphicalElement>
      <x>195</x>
      <y>8</y>
      <width>230</width>
      <height>130</height>
      <type>CHART</type>
   </graphicalElement>
   <graphicalElement>
      <x>440</x>
      <y>8</y>
      <width>168</width>
      <height>130</height>
      <type>CHART</type>
   </graphicalElement>
   <graphicalElement>
      <x>440</x>
      <y>152</y>
      <width>168</width>
      <height>161</height>
      <type>CHART</type>
   </graphicalElement>
   <graphicalElement>
      <x>440</x>
      <y>330</y>
      <width>168</width>
      <height>44</height>
      <type>CHART</type>
   </graphicalElement>
</dashboard>