<dashboard>
   <x>0</x>
   <y>0</y>
   <width>1618</width>
   <height>1460</height>
   <type>CHART</type>
   <graphicalElement>
      <x>0</x>
      <y>0</y>
      <width>1618</width>
      <height>48</height>
      <type>HEADER</type>
   </graphicalElement>
   <graphicalElement>
      <x>0</x>
      <y>48</y>
      <width>1618</width>
      <height>38</height>
      <type>TOOLBAR</type>
   </graphicalElement>
   <graphicalElement>
      <x>16</x>
      <y>490</y>
      <width>308</width>
      <height>656</height>
      <type>CHART</type>
   </graphicalElement>
   <graphicalElement>
      <x>16</x>
      <y>106</y>
      <width>302</width>
      <height>374</height>
      <type>CHART</type>
   </graphicalElement>
   <graphicalElement>
      <x>340</x>
      <y>106</y>
      <width>1258</width>
      <height>44</height>
      <type>TOOLBAR</type>
   </graphicalElement>
   <graphicalElement>
      <x>340</x>
      <y>170</y>
      <width>404</width>
      <height>96</height>
      <type>CHART</type>
   </graphicalElement>
   <graphicalElement>
      <x>764</x>
      <y>170</y>
      <width>412</width>
      <height>96</height>
      <type>CHART</type>
   </graphicalElement>
   <graphicalElement>
      <x>1192</x>
      <y>170</y>
      <width>406</width>
      <height>96</height>
      <type>CHART</type>
   </graphicalElement>
   <graphicalElement>
      <x>340</x>
      <y>280</y>
      <width>618</width>
      <height>364</height>
      <type>CHART</type>
   </graphicalElement>
   <graphicalElement>
      <x>978</x>
      <y>280</y>
      <width>620</width>
      <height>370</height>
      <type>CHART</type>
   </graphicalElement>
   <graphicalElement>
      <x>340</x>
      <y>662</y>
      <width>618</width>
      <height>362</height>
      <type>CHART</type>
   </graphicalElement>
   <graphicalElement>
      <x>978</x>
      <y>662</y>
      <width>620</width>
      <height>362</height>
      <type>CHART</type>
   </graphicalElement>
   <graphicalElement>
      <x>334</x>
      <y>1038</y>
      <width>304</width>
      <height>342</height>
      <type>CHART</type>
   </graphicalElement>
   <graphicalElement>
      <x>658</x>
      <y>1038</y>
      <width>300</width>
      <height>342</height>
      <type>CHART</type>
   </graphicalElement>
   <graphicalElement>
      <x>978</x>
      <y>1038</y>
      <width>302</width>
      <height>348</height>
      <type>CHART</type>
   </graphicalElement>
   <graphicalElement>
      <x>1300</x>
      <y>1038</y>
      <width>298</width>
      <height>348</height>
      <type>CHART</type>
   </graphicalElement>
   <graphicalElement>
      <x>0</x>
      <y>1400</y>
      <width>1618</width>
      <height>60</height>
      <type>HEADER</type>
   </graphicalElement>
</dashboard>