<dashboard>
   <x>0</x>
   <y>0</y>
   <width>726</width>
   <height>500</height>
   <type>CHART</type>
   <graphicalElement>
      <x>0</x>
      <y>0</y>
      <width>726</width>
      <height>29</height>
      <type>HEADER</type>
   </graphicalElement>
   <graphicalElement>
      <x>7</x>
      <y>34</y>
      <width>473</width>
      <height>187</height>
      <type>CHART</type>
   </graphicalElement>
   <graphicalElement>
      <x>8</x>
      <y>228</y>
      <width>232</width>
      <height>186</height>
      <type>CHART</type>
   </graphicalElement>
   <graphicalElement>
      <x>246</x>
      <y>227</y>
      <width>234</width>
      <height>187</height>
      <type>CHART</type>
   </graphicalElement>
   <graphicalElement>
      <x>487</x>
      <y>35</y>
      <width>232</width>
      <height>186</height>
      <type>CHART</type>
   </graphicalElement>
   <graphicalElement>
      <x>487</x>
      <y>227</y>
      <width>232</width>
      <height>187</height>
      <type>CHART</type>
   </graphicalElement>
   <graphicalElement>
      <x>7</x>
      <y>420</y>
      <width>173</width>
      <height>80</height>
      <type>CHART</type>
   </graphicalElement>
   <graphicalElement>
      <x>187</x>
      <y>420</y>
      <width>174</width>
      <height>80</height>
      <type>CHART</type>
   </graphicalElement>
   <graphicalElement>
      <x>367</x>
      <y>420</y>
      <width>172</width>
      <height>80</height>
      <type>CHART</type>
   </graphicalElement>
   <graphicalElement>
      <x>546</x>
      <y>420</y>
      <width>173</width>
      <height>80</height>
      <type>CHART</type>
   </graphicalElement>
</dashboard>